Timestamp,Mode,Data
15:07:09.985,RX,".08"
15:07:10.015,RX,",0.16,9.51,-0.09,0.2"
15:07:10.015,RX,"6,9.57,-0.08,0.02,0."
15:07:10.016,RX,"02,0.04,0.02,-0.01,3"
15:07:10.017,RX,"2,22,39,e"
15:07:10.017,RX,"s,186,158,334,168,-0"
15:07:10.018,RX,".00,-0.0"
15:07:10.019,RX,"6,9.56,-0.16,0.07,9."
15:07:10.045,RX,"61,-0.09,-0.01,0.01,"
15:07:10.046,RX,"0.04,0.03,-0.03,31,2"
15:07:10.046,RX,"8,40,e"
15:07:10.075,RX,"s,186,157,334,168,0."
15:07:10.076,RX,"43,-0.41,9.46,0.02,-"
15:07:10.076,RX,"0.31,9.52,-0.08,-0.0"
15:07:10.077,RX,"0,0.01,0.00,0.02,-0."
15:07:10.078,RX,"02,31,23,41,e"
15:07:10.105,RX,"s,186,157,334,168,0."
15:07:10.105,RX,"37,-0.29,9.50,0.11,-"
15:07:10.106,RX,"0.04,9.53,0.02,0.01,"
15:07:10.107,RX,"-0.01,-0.04,0.01,-0."
15:07:10.108,RX,"00,32,23,40,e"
15:07:10.135,RX,"s,186,158,334,168,0."
15:07:10.135,RX,"06,0.06,9.49,0.03,0."
15:07:10.136,RX,"06,9.53,0.06,0.03,-0"
15:07:10.137,RX,".02,0.01,-0.01,0.02,"
15:07:10.138,RX,"32,24,42,e"
15:07:10.165,RX,"s,186,158,334,168,-0"
15:07:10.165,RX,".02,-0.02,9.64,-0.10"
15:07:10.166,RX,",0.09,9.58,-0.03,-0."
15:07:10.167,RX,"00,-0.01,0.01,-0.01,"
15:07:10.168,RX,"0.02,32,35,42,e"
15:07:10.225,RX,"s,186,157,334,168,0."
15:07:10.225,RX,"25,-0.15,9.48,0.03,-"
15:07:10.226,RX,"0.07,9.52,-0.07,-0.0"
15:07:10.227,RX,"2,-0.02,-0.02,0.00,-"
15:07:10.228,RX,"0.00,31,32,40,e"
15:07:10.255,RX,"s,186,157,334,169,0."
15:07:10.255,RX,"36,-0.36,9.45,0.05,-"
15:07:10.256,RX,"0.29,9.53,0.02,-0.02"
15:07:10.257,RX,",-0.05,-0.05,-0.00,0"
15:07:10.258,RX,".01,32,31,43,e"
15:07:10.285,RX,"s,186,158,334,169,0."
15:07:10.285,RX,"31,-0.22,9.44,-0.04,"
15:07:10.286,RX,"-0.13,9.51,0.10,-0.0"
15:07:10.287,RX,"1,-0.06,-0.06,-0.01,"
15:07:10.288,RX,"0.03,32,27,40,e"
15:07:10.346,RX,"s,186,158,335,169,0."
15:07:10.346,RX,"10,-0.12,9.47,-0.04,"
15:07:10.346,RX,"0.11,9.55,0.14,0.00,"
15:07:10.347,RX,"-0.06,-0.07,-0.03,0."
15:07:10.348,RX,"05,31,25,43,e"
15:07:10.405,RX,"s,186,159,335,169,-0"
15:07:10.406,RX,".13,0.11,9.50,-0.06,"
15:07:10.435,RX,"0.15,9.58,0.14,-0.00"
15:07:10.435,RX,",-0.07,-0.05,-0.00,0"
15:07:10.437,RX,".04,30,27,39,e"
15:07:10.465,RX,"s,186,159,335,169,-0"
15:07:10.466,RX,".06,-0.01,9.52,-0.08"
15:07:10.466,RX,",0.24,9.56,0.08,-0.0"
15:07:10.467,RX,"1,-0.06,-0.03,0.00,0"
15:07:10.495,RX,".03,32,22,38,e
s,18"
15:07:10.496,RX,"6,159,336,169,0.02,-"
15:07:10.496,RX,"0.03,9.54,-0.05,-0.0"
15:07:10.497,RX,"4,9.55,0.11,-0.01,-0"
15:07:10.498,RX,".07,-0.02,-0.02,0.03"
15:07:10.498,RX,",31,28,41,e
s,187,1"
15:07:10.500,RX,"60,336,169,0.05,-0.0"
15:07:10.526,RX,"6,9.52,0.04,0.01,9.5"
15:07:10.526,RX,"7,0.09,-0.02,-0.05,-"
15:07:10.526,RX,"0.05,-0.02,0.02,31,2"
15:07:10.527,RX,"4,40,e"
15:07:10.528,RX,"s,187,160,336,170,0."
15:07:10.529,RX,"02,-0.03,9.54,0.01,0"
15:07:10.555,RX,".02,9.54,0.09,-0.00,"
15:07:10.556,RX,"-0.04,-0.01,-0.03,0."
15:07:10.557,RX,"02,32,21,41,e"
15:07:10.585,RX,"s,187,160,336,170,-0"
15:07:10.615,RX,".10,0.06,9.58,-0.00,"
15:07:10.616,RX,"0.17,9.63,0.06,-0.00"
15:07:10.616,RX,",-0.03,-0.03,-0.02,0"
15:07:10.617,RX,".02,31,25,41,e"
15:07:10.618,RX,"s,187,160,337,170,-0"
15:07:10.618,RX,".07,0.01,9.57,-0.09,"
15:07:10.620,RX,"0.13,9.58,0.06,-0.01"
15:07:10.645,RX,",-0.02,0.00,-0.02,0."
15:07:10.645,RX,"01,31,25,40,e"
15:07:10.646,RX,"s,187,160,337,170,-0"
15:07:10.647,RX,".01,0.06,9.56,-0.07,"
15:07:10.647,RX,"0.25,9.58,0.05,-0.01"
15:07:10.649,RX,",-0.02,-0.01,-0.01,-"
15:07:10.675,RX,"0.00,30,21,39,e"
15:07:10.705,RX,"s,187,160,337,170,0."
15:07:10.706,RX,"01,0.07,9.52,-0.00,0"
15:07:10.706,RX,".13,9.55,0.05,-0.01,"
15:07:10.707,RX,"-0.03,0.01,0.00,-0.0"
15:07:10.708,RX,"2,31,33,41,e"
15:07:10.735,RX,"s,187,160,337,170,0."
15:07:10.736,RX,"02,-0.06,9.53,-0.02,"
15:07:10.737,RX,"0.02,9.54,0.04,-0.01"
15:07:10.737,RX,",-0.02,0.06,0.01,-0."
15:07:10.738,RX,"01,31,25,41,e"
15:07:10.795,RX,"s,187,160,337,170,-0"
15:07:10.796,RX,".03,-0.05,9.51,-0.10"
15:07:10.796,RX,",-0.06,9.57,0.03,-0."
15:07:10.797,RX,"00,-0.01,0.05,0.02,-"
15:07:10.798,RX,"0.01,31,21,38,e"
15:07:10.856,RX,"s,187,160,337,170,0."
15:07:10.856,RX,"05,-0.06,9.54,-0.09,"
15:07:10.857,RX,"0.01,9.55,0.01,-0.01"
15:07:10.857,RX,",0.01,0.02,-0.00,-0."
15:07:10.858,RX,"02,32,27,40,e"
15:07:10.859,RX,"s,187,160,337,170,-0"
15:07:10.860,RX,".04,0.08,9.53,-0.07,"
15:07:10.885,RX,"0.25,9.49,-0.01,0.00"
15:07:10.886,RX,",0.01,0.02,-0.01,-0."
15:07:10.887,RX,"02,31,22,40,e"
15:07:10.915,RX,"s,187,160,337,170,0."
15:07:10.916,RX,"02,-0.07,9.53,-0.07,"
15:07:10.916,RX,"-0.10,9.57,-0.03,-0."
15:07:10.917,RX,"00,0.01,0.04,0.02,-0"
15:07:10.919,RX,".02,32,19,40,e"
15:07:10.945,RX,"s,187,160,337,170,0."
15:07:10.945,RX,"10,-0.12,9.51,-0.01,"
15:07:10.946,RX,"0.00,9.54,-0.02,0.00"
15:07:10.947,RX,",0.03,0.01,0.01,-0.0"
15:07:10.948,RX,"4,31,18,41,e"
15:07:10.975,RX,"s,187,160,336,169,0."
15:07:10.975,RX,"07,-0.03,9.50,0.01,0"
15:07:10.976,RX,".05,9.61,-0.03,0.00,"
15:07:10.977,RX,"0.03,0.01,0.02,-0.03"
15:07:10.978,RX,",30,17,41,e"
15:07:11.035,RX,"s,187,160,336,169,0."
15:07:11.036,RX,"06,-0.03,9.51,-0.05,"
15:07:11.037,RX,"0.04,9.58,-0.03,0.00"
15:07:11.037,RX,",0.03,-0.01,0.05,-0."
15:07:11.039,RX,"05,31,18,39,e"
15:07:11.065,RX,"s,187,160,336,169,0."
15:07:11.065,RX,"03,-0.07,9.54,0.17,-"
15:07:11.066,RX,"0.02,9.56,-0.04,-0.0"
15:07:11.067,RX,"0,0.03,0.01,0.06,-0."
15:07:11.068,RX,"05,31,16,39,e"
15:07:11.095,RX,"s,187,160,336,169,0."
15:07:11.096,RX,"10,-0.09,9.54,-0.03,"
15:07:11.096,RX,"-0.19,9.55,-0.06,-0."
15:07:11.097,RX,"01,0.05,0.05,0.02,-0"
15:07:11.126,RX,".03,32,15,41,e"
15:07:11.155,RX,"s,187,159,336,169,0."
15:07:11.156,RX,"05,-0.03,9.49,-0.04,"
15:07:11.156,RX,"0.14,9.56,-0.07,0.00"
15:07:11.157,RX,",0.04,0.03,0.03,-0.0"
15:07:11.159,RX,"4,31,15,39,e"
15:07:11.185,RX,"s,187,159,335,169,-0"
15:07:11.186,RX,".05,-0.00,9.54,-0.11"
15:07:11.187,RX,",0.17,9.58,-0.07,0.0"
15:07:11.187,RX,"0,0.03,0.01,0.04,-0."
15:07:11.189,RX,"06,31,15,42,e"
15:07:11.215,RX,"s,187,159,335,168,-0"
15:07:11.216,RX,".06,0.03,9.53,0.06,0"
15:07:11.216,RX,".17,9.52,-0.07,-0.01"
15:07:11.217,RX,",0.02,0.01,0.07,-0.0"
15:07:11.219,RX,"8,31,15,38,e"
15:07:11.275,RX,"s,187,159,335,168,0."
15:07:11.276,RX,"08,0.08,9.50,0.16,0."
15:07:11.276,RX,"22,9.54,-0.10,-0.01,"
15:07:11.277,RX,"0.02,0.08,0.04,-0.07"
15:07:11.278,RX,",31,15,38,e"
15:07:11.305,RX,"s,187,158,334,168,-0"
15:07:11.305,RX,".07,-0.07,9.53,-0.17"
15:07:11.306,RX,",-0.03,9.64,-0.15,-0"
15:07:11.307,RX,".01,0.03,0.12,0.04,-"
15:07:11.308,RX,"0.06,31,14,44,e"
15:07:11.335,RX,"s,187,158,334,168,-0"
15:07:11.335,RX,".02,-0.23,9.46,-0.22"
15:07:11.336,RX,",-0.36,9.54,-0.16,-0"
15:07:11.338,RX,".02,0.03,-0.01,0.03,"
15:07:11.339,RX,"-0.08,31,14,39,e"
15:07:11.365,RX,"s,187,158,334,168,0."
15:07:11.366,RX,"19,-0.22,9.49,0.31,-"
15:07:11.367,RX,"0.18,9.58,-0."
15:07:11.395,RX,"07,0.03,0.04,0.00,0."
15:07:11.396,RX,"01,-0.05,31,14,39,e"
15:07:11.397,RX,""
15:07:11.425,RX,"s,186,157,333,167,-0"
15:07:11.426,RX,".01,-0.19,9.47,-0.12"
15:07:11.426,RX,",-0.26,9.64,-0.10,0."
15:07:11.427,RX,"04,0.09,0.08,0.04,-0"
15:07:11.428,RX,".01,31,14,41,e"
15:07:11.455,RX,"s,186,157,333,167,-0"
15:07:11.456,RX,".27,-0.18,9.45,-0.26"
15:07:11.456,RX,",0.11,9.55,-0.15,0.0"
15:07:11.457,RX,"2,0.11,0.07,0.04,-0."
15:07:11.458,RX,"01,31,14,40,e"
15:07:11.485,RX,"s,1"
15:07:11.515,RX,"86,156,332,167,-0.24"
15:07:11.516,RX,",-0.08,9.56,-0.25,0."
15:07:11.516,RX,"18,9.58,-0.20,0.01,0"
15:07:11.517,RX,".09,0.10,0.06,-0.03,"
15:07:11.518,RX,"30,14,41,e"
15:07:11.545,RX,"s,186,156,332,167,-0"
15:07:11.545,RX,".12,-0.00,9.71,-0.06"
15:07:11.546,RX,",0.29,9.73,-0.18,0.0"
15:07:11.547,RX,"2,0.08,0.08,0.07,-0."
15:07:11.548,RX,"05,31,17,41,e"
15:07:11.575,RX,"s,186,155,331,167,-0"
15:07:11.575,RX,".25,-0.04,9.66,-0.25"
15:07:11.576,RX,","
15:07:11.577,RX,"0.28,9.66,-0.07,0.06"
15:07:11.577,RX,",0.07,0.11,0.13,-0.0"
15:07:11.579,RX,"7,31,38,38,e"
15:07:11.605,RX,"s,186,155,331,166,-0"
15:07:11.606,RX,".2"
15:07:11.635,RX,"8,0.16,9.58,-0.04,0."
15:07:11.636,RX,"18,9.68,-0.00,0.10,0"
15:07:11.636,RX,".07,0.21,0.19,-0.08,"
15:07:11.637,RX,"30,55,39,e"
15:07:11.638,RX,"s,186,154,330,166,-0"
15:07:11.639,RX,".25,0.05"
15:07:11.665,RX,",9.40,0.04,-0.31,9.5"
15:07:11.666,RX,"6,-0.07,0.07,0.06,0."
15:07:11.666,RX,"14,0.08,-0.11,31,48,"
15:07:11.668,RX,"41,e"
15:07:11.695,RX,"s,186,154,330,166,0."
15:07:11.696,RX,"21,-0.29,9.63,-0.36,"
15:07:11.696,RX,"-0.13,9.68,-0.07,-0."
15:07:11.697,RX,"02,0.03,-0.09,0.05,-"
15:07:11.699,RX,"0.17,30,34,41,e"
15:07:11.725,RX,"s,186,154,330,165,0."
15:07:11.726,RX,"22,-0.35,9.48,-"
15:07:11.755,RX,"0.19,0.09,9.43,0.22,"
15:07:11.756,RX,"0.03,-0.04,-0.19,0.0"
15:07:11.756,RX,"7,-0.21,31,34,40,e"
15:07:11.757,RX,"s,186,155,330,165,0."
15:07:11.758,RX,"02,-0.26,9.46,0.00,0"
15:07:11.759,RX,".10,9.55,0.39,0.05,-"
15:07:11.785,RX,"0.10,-0.22,0.09,-0.2"
15:07:11.787,RX,"0,31,30,41,e"
15:07:11.815,RX,"s,186,157,331,165,0."
15:07:11.816,RX,"34,-0.17,9.46,0.09,-"
15:07:11.816,RX,"0.29,9.39,0.38,0.06,"
15:07:11.817,RX,"-0.08,-0.19,0.07,-0."
15:07:11.819,RX,"17,30,24,39,e"
15:07:11.845,RX,"s,186,158,332,164,0."
15:07:11.846,RX,"24,0.09,9.28,0.51"
15:07:11.875,RX,",0.12,9.42,0.17,0.04"
15:07:11.875,RX,",-0.02,-0.13,0.08,-0"
15:07:11.877,RX,".14,30,22,39,e"
15:07:11.905,RX,"s,186,158,332,164,0."
15:07:11.905,RX,"38,-0.14,9.72,0.08,-"
15:07:11.906,RX,"0.60,9.62,0.05,0.04,"
15:07:11.907,RX,"0.04,0.01,0.09,-0.10"
15:07:11.908,RX,",30,35,41,e"
15:07:11.965,RX,"s,186,158,332,164,0."
15:07:11.966,RX,"16,-0.26,9.61,0.06,-"
15:07:11.966,RX,"0.03,9.47,0.0"
15:07:11.967,RX,"6,0.06,0.08,-0.06,0."
15:07:11.968,RX,"00,-0.09,31,30,41,e"
15:07:11.968,RX,""
15:07:11.970,RX,"s,186,158,332,163,0."
15:07:11.995,RX,"09,-0.10,9.44,0.06,-"
15:07:11.996,RX,"0.08,9.47,-0.03,0.03"
15:07:11.996,RX,",0.07,0.00,0.06,-0.0"
15:07:11.998,RX,"6,31,31,38,e"
15:07:12.026,RX,"s,186,158,332,163,0."
15:07:12.026,RX,"34,-0.23,9.37,0.09,-"
15:07:12.026,RX,"0.19,9.43,-0.06,0.05"
15:07:12.027,RX,",0.07,-0.01,0.04,-0."
15:07:12.028,RX,"06,32,25,42,e"
15:07:12.056,RX,"s,186,158,331,163,0."
15:07:12.056,RX,"36,-0.30,9"
15:07:12.057,RX,".48,0.04,-0.35,9.60,"
15:07:12.057,RX,"0.02,0.05,0.06,0.02,"
15:07:12.058,RX,"0.05,-0.04,32,37,38,"
15:07:12.059,RX,"e"
15:07:12.085,RX,"s,186,158,331,162,0."
15:07:12.086,RX,"11,-0.13,9.52,0.07,-"
15:07:12.086,RX,"0.12,9.51,0.03,0.06,"
15:07:12.088,RX,"0.07,-0.03,"
15:07:12.145,RX,"0.03,-0.02,30,28,41,"
15:07:12.145,RX,"e"
15:07:12.146,RX,"s,185,158,331,162,0."
15:07:12.147,RX,"09,-0.07,9.46,0.04,0"
15:07:12.147,RX,".01,9.59,-0.06,0.04,"
15:07:12.148,RX,"0.09,0.02,0.03,"
15:07:12.150,RX,"-0.01,31,37,42,e"
15:07:12.175,RX,"s,185,158,331,162,0."
15:07:12.177,RX,"12,-0.01,9.66,-0.07"
15:07:12.205,RX,",0.02,9.59,-0.07,0.0"
15:07:12.206,RX,"4,0.08,0.01,0.01,-0."
15:07:12.206,RX,"01,30,59,40,e"
15:07:12.207,RX,"s,185,158,331,162,-0"
15:07:12.208,RX,".00,0.03,9.44,-0.01,"
15:07:12.209,RX,"0.24,9.43,-0.03,0.03"
15:07:12.235,RX,",0.05,-0.03,0.01,-0."
15:07:12.237,RX,"03,31,51,41,e"
15:07:12.265,RX,"s,185,158,331,162,0."
15:07:12.266,RX,"14,-0.06,9.38,0.10,-"
15:07:12.266,RX,"0.05,9.44,0.00,0.03,"
15:07:12.267,RX,"0.03,0.01,0.04,-0.04"
15:07:12.269,RX,",31,36,40,e"
15:07:12.295,RX,"s,185,158,331,161,0."
15:07:12.296,RX,"15,-0.18,9.41,0.09,-"
15:07:12.297,RX,"0.20"
15:07:12.325,RX,",9.43,0.02,0.05,0.03"
15:07:12.326,RX,",0.02,0.03,-0.03,31,"
15:07:12.326,RX,"35,39,e"
15:07:12.327,RX,"s,185,158,331,161,0."
15:07:12.328,RX,"02,-0.21,9.54,0.02,-"
15:07:12.329,RX,"0.43,9.50,-0.01,0.06"
15:07:12.355,RX,",0.08,0.04,0.03,0.01"
15:07:12.356,RX,",31,26,41,e"
15:07:12.385,RX,"s,185,158,330,161,0."
15:07:12.386,RX,"14,-0.02,9.45,0.35,-"
15:07:12.386,RX,"0.01,9.42,-0.09,0.08"
15:07:12.387,RX,",0.15,-0.01,0.03,0.0"
15:07:12.389,RX,"2,31,21,41,e"
15:07:12.445,RX,"s,184,158,330,161,-0"
15:07:12.445,RX,".11,0.39,9.43,0.06,0"
15:07:12.446,RX,".39,9.45,-0.18,0.10,"
15:07:12.447,RX,"0.16,0.10,0.08,0.02,"
15:07:12.447,RX,"31,18,38,e"
15:07:12.448,RX,"s,184,157,329,161,-0"
15:07:12.450,RX,".63,0.27,9.67,-0.56,"
15:07:12.475,RX,"0.15,9.78,-0.24,0.06"
15:07:12.475,RX,",0.14,0.23,0.13,0.01"
15:07:12.477,RX,",31,17,40,e"
15:07:12.505,RX,"s,184,156,328,160,-0"
15:07:12.506,RX,".39,-0.39,9.57,-0.58"
15:07:12.506,RX,",-0.15,9.76,-0.23,0."
15:07:12.507,RX,"03,0.13,0.10,0.13,-0"
15:07:12.508,RX,".03,32,16,39,e"
15:07:12.509,RX,""
15:07:12.565,RX,"s,184,156,328,160,-0"
15:07:12.566,RX,".03,-0.26,9.48,-0.11"
15:07:12.567,RX,",0.36,9.46,0.04,0.06"
15:07:12.567,RX,",0.03,-0.01,0.18,-0."
15:07:12.568,RX,"07,31,15,39,e"
15:07:12.568,RX,"s,184,156,328,160,-0"
15:07:12.570,RX,".36,0.45,9.44,-0.37,"
15:07:12.595,RX,"0.62,9.50,0.18,0.10,"
15:07:12.596,RX,"-0.04,-0.03,0.21,-0."
15:07:12.597,RX,"11,32,28,44,e"
15:07:12.625,RX,"s,185,156,328,159,-1"
15:07:12.626,RX,".15,0.74,9.38,-0.75,"
15:07:12.627,RX,"1.66,9.51,0.17,0.09,"
15:07:12.655,RX,"-0.17,-0.08,0.25,-0."
15:07:12.656,RX,"28,29,26,39,e"
15:07:12.656,RX,"s,185,157,328,159,-1"
15:07:12.657,RX,".61,1.68,9.14,-0.58,"
15:07:12.658,RX,"2.35,9.38,0.25,0.10,"
15:07:12.658,RX,"-0.38,-0.03,0.36,-0."
15:07:12.660,RX,"47,31,34,37,e"
15:07:12.685,RX,"s,186,157,327,158,"
15:07:12.686,RX,"-2.80,3."
15:07:12.715,RX,"26,8.59,-0.87,5.11,9"
15:07:12.716,RX,".09,0.20,0.09,-0.61,"
15:07:12.716,RX,"0.39,0.62,-0.97,30,2"
15:07:12.718,RX,"7,41,e"
15:07:12.745,RX,"s,187,155,325,156,-5"
15:07:12.745,RX,".68,5.98,7.39,-1.66,"
15:07:12.746,RX,"5.83,9.39,-0.00,-0.1"
15:07:12.747,RX,"4,-0.98,0.92,0.89,-1"
15:07:12.775,RX,".75,39,43,44,e"
15:07:12.775,RX,"s,188,150,319,154,-5"
15:07:12.777,RX,".74,0.91,10."
15:07:12.805,RX,"71,-3.88,2.00,14.11,"
15:07:12.806,RX,"-1.85,-0.97,-1.26,0."
15:07:12.806,RX,"52,0.79,-2.03,42,88,"
15:07:12.807,RX,"42,e"
15:07:12.808,RX,"s,189,144,313,152"
15:07:12.835,RX,",1.60,0.62,15.68,0.4"
15:07:12.836,RX,"6,-0.13,9.60,-2.15,-"
15:07:12.866,RX,"0.76,-1.59,1.04,0.44"
15:07:12.866,RX,",-2.01,68,87,41,e"
15:07:12.866,RX,"s,187,139,309,152,1."
15:07:12.867,RX,"77,-1.68,9.44,0.18,4"
15:07:12.869,RX,".89,6.00,-0.44,-0.25"
15:07:12.869,RX,",-1.42,0.89,-0.15,-1"
15:07:12.870,RX,".22,66,69,39,e"
15:07:12.925,RX,"s,186,134,307,155,0."
15:07:12.925,RX,"57,-0.24,10.44,-3.72"
15:07:12.926,RX,",-1.94,10.03,-0.55,-"
15:07:12.927,RX,"0.46,-1.28,1.11,-1.2"
15:07:12.955,RX,"6,0.65,62,61,41,e"
15:07:12.956,RX,"s,186,137,312,161,1."
15:07:12.956,RX,"04,-1.62,8.94,1.20,4"
15:07:12.957,RX,".22,6.77,0.25,-0.49,"
15:07:12.958,RX,"-1.20,-2.61,-2.06,1."
15:07:12.959,RX,"56,117,57,43,e"
15:07:12.985,RX,"s,188,142,319,168,0."
15:07:12.985,RX,"56,0.13,9.21,2.63,5."
15:07:12.986,RX,"08,7.96,0.06,-0.46,-"
15:07:12.987,RX,"1.10,-0.65,-1.78,2.5"
15:07:12.988,RX,"3,139,57,41,e"
15:07:13.045,RX,"s,191,142,320,177,0."
15:07:13.046,RX,"59,-0.46,9.37,0.31,0"
15:07:13.046,RX,".69,11.56,0.09,-0.43"
15:07:13.047,RX,",-1.03,0.88,-1.20,3."
15:07:13.048,RX,"22,161,46,40,e"
15:07:13.075,RX,"s,193,142,319,186,0."
15:07:13.076,RX,"39,0.12,8.99,1.05,-0"
15:07:13.076,RX,".45,10.39,-0.01,-0.4"
15:07:13.077,RX,"1,-0.85,0.58,-0.96,3"
15:07:13.078,RX,".54,168,38,41,e"
15:07:13.105,RX,"s,195,142,316,195,-1"
15:07:13.106,RX,".37,-0.77,8.36,-0.20"
15:07:13.106,RX,",-1.99,10.60,0.09,-0"
15:07:13.107,RX,".43,-0.42,0.81,-0.61"
15:07:13.108,RX,",3.49,138,28,36,e"
15:07:13.165,RX,"s,199,144,313,201,-0"
15:07:13.166,RX,".59,1.42,9.57,2.37,-"
15:07:13.166,RX,"1.77,8.37,0.26,-0.38"
15:07:13.167,RX,",-0.25,-0.16,-0.49,2"
15:07:13.168,RX,".82,99,22,43,e"
15:07:13.169,RX,"s,20"
15:07:13.195,RX,"0,145,310,206,-1.06,"
15:07:13.196,RX,"2.10,9.75,1.66,-1.68"
15:07:13.196,RX,",8.33,-0.16,-0.26,-0"
15:07:13.197,RX,".12,0.52,-0.36,1.85,"
15:07:13.199,RX,"72,19,41,e"
15:07:13.225,RX,"s,201,144,308,209,-2"
15:07:13.226,RX,".25,2.75,10.08,-1.12"
15:07:13.226,RX,",-1.11,9.17,-0.08,-0"
15:07:13.227,RX,".03,-0.04,0.24,-0.13"
15:07:13.228,RX,",0.44,56,22,39,e"
15:07:13.285,RX,"s,201,143,308,208,-2"
15:07:13.286,RX,".19,1.37,9.51,0.56,-"
15:07:13.286,RX,"1.39,8.89,-0.11,-0.2"
15:07:13.287,RX,"6,0.09,0.54,0.33,-0."
15:07:13.289,RX,"82,53,50,40,e"
15:07:13.315,RX,"s,201,140,307,205,-1"
15:07:13.316,RX,".05,-0.09,9.05,0.78,"
15:07:13.316,RX,"-2.72,6.77,-0.06,-0."
15:07:13.317,RX,"13,0.40,0.94,0.83,-1"
15:07:13.319,RX,".92,51,73,40,e"
15:07:13.345,RX,"s,19"
15:07:13.345,RX,"8,134,306,200,4.16,-"
15:07:13.346,RX,"6.81,21.87,-14.06,13"
15:07:13.347,RX,".32,23.54,-0.53,0.50"
15:07:13.347,RX,",1.20,2.59,-0.57,-1."
15:07:13.349,RX,"16,109,85,39,e"
15:07:13.405,RX,"s,195,134,309,196,-5"
15:07:13.406,RX,".59,5.16,13.65,-3.80"
15:07:13.406,RX,",-5.56,5.35,-2.12,-0"
15:07:13.407,RX,".51,0.27,0.59,1.08,-"
15:07:13.408,RX,"2.81,113,117,41,e"
15:07:13.435,RX,"s,195,124,300,192,12"
15:07:13.435,RX,".65,-11.54,8.23,0.40"
15:07:13.436,RX,",-5.74,8.82,1.22,-0."
15:07:13.437,RX,"30,0.55,2.48,1.95,-1"
15:07:13.438,RX,".80,86,88,42,e"
15:07:13.466,RX,"s,193,126,304,186,-0"
15:07:13.495,RX,".93,1.64,10.47,2.39,"
15:07:13.496,RX,"-5.22,10.36,0.00,0.2"
15:07:13.496,RX,"2,1.48,-0.39,-0.31,-"
15:07:13.497,RX,"1.56,68,58,39,e"
15:07:13.498,RX,"s,191,124,303,180,2."
15:07:13.499,RX,"72,-2.51,9.5"
15:07:13.525,RX,"1,1.73,0.19,8.52,0.2"
15:07:13.526,RX,"3,-0.04,1.21,-0.23,0"
15:07:13.526,RX,".17,-1.00,56,39,39,e"
15:07:13.527,RX,""
15:07:13.528,RX,"s,190,123,302,177,1."
15:07:13.529,RX,"84,-0.91,9.17"
15:07:13.556,RX,",-0.94,-1.88,9.47,0."
15:07:13.556,RX,"67,0.25,1.30,0.41,0."
15:07:13.556,RX,"23,-0.70,51,29,41,e"
15:07:13.558,RX,""
15:07:13.615,RX,"s,189,127,305,171,0."
15:07:13.616,RX,"51,-0.64,9.50,0.84,1"
15:07:13.616,RX,".13,9.29,1.64,0.26,1"
15:07:13.617,RX,".19,-0.95,-0.22,-0.9"
15:07:13.618,RX,"0,51,23,39,e"
15:07:13.618,RX,"s,187,132,309,167,-1"
15:07:13.620,RX,".32,0.97,9.92,-0.47,"
15:07:13.645,RX,"0.63,10.08,1.69,0.43"
15:07:13.645,RX,",0.99,-0.31,-0.13,-0"
15:07:13.646,RX,".84,44,19,42,e"
15:07:13.648,RX,"s,186,135,311,163,-1"
15:07:13.675,RX,".95,-0.20,9.56,-1.03"
15:07:13.676,RX,",1."
15:07:13.676,RX,"57,9.80,0.92,0.21,1."
15:07:13.677,RX,"16,-0.94,-0.17,-0.96"
15:07:13.678,RX,",40,56,39,e"
15:07:13.735,RX,"s,185,138,312,157,-2"
15:07:13.736,RX,".19,1.78,9.76,-0.08,"
15:07:13.736,RX,"1.01,9.65,0.72,0.20,"
15:07:13.737,RX,"1.06,-0.30,0.07,-1.0"
15:07:13.738,RX,"5,42,241,38,e"
15:07:13.739,RX,"s,184,137,308,153,-1"
15:07:13.765,RX,".06,1.88,9.58,-0.01,"
15:07:13.766,RX,"1.21,10.11,0.30,0.10"
15:07:13.766,RX,",0.98,-0.38,0.17,-1."
15:07:13.768,RX,"23,44,430,43,e"
15:07:13.795,RX,"s,184,135,304,148,-0"
15:07:13.795,RX,".70,0.46,10.35,-0.07"
15:07:13.796,RX,",0.81,10.62,0.43,0.2"
15:07:13.797,RX,"1,0.78,-0.60,0.21,-1"
15:07:13.799,RX,".49,42,507,40,e"
15:07:13.825,RX,"s,183,138,302,142,-2"
15:07:13.856,RX,".21,0.61,10.64,-0.80"
15:07:13.856,RX,",0.95"
15:07:13.857,RX,",10.68,0.84,0.43,0.8"
15:07:13.857,RX,"6,-0.60,0.45,-1.53,5"
15:07:13.857,RX,"0,618,40,e"
15:07:13.858,RX,"s,183,139,299,137,-3"
15:07:13.860,RX,".71,2.30,10.57,-1"
15:07:13.885,RX,".62,4.48,10.91,1.07,"
15:07:13.886,RX,"0.64,0.83,-0.44,0.54"
15:07:13.887,RX,",-1.75,45,672,40,e"
15:07:13.915,RX,"s,183,140,295,131,-4"
15:07:13.916,RX,".48,3.96,9.43,-2.69,"
15:07:13.916,RX,"6.01,10.29,1.08,0.96"
15:07:13.917,RX,",0.45,-0.26,0.61,-2."
15:07:13.919,RX,"26,49,743,40,e"
15:07:13.975,RX,"s,183,142,291,125,-4"
15:07:13.975,RX,".79,5.37,8.14,-1.62,"
15:07:13.976,RX,"6.34,10.57,1.60,0.96"
15:07:13.977,RX,",-0.11,-0.55,0.33,-2"
15:07:13.978,RX,".93,42,679,40,e"
15:07:14.005,RX,"s,183,148,290,120,-7"
15:07:14.005,RX,".52,6.22,9.02,-10.07"
15:07:14.006,RX,",12.90,11.08,2.33,0."
15:07:14.007,RX,"80,-0.82,-2.02,-0.77"
15:07:14.009,RX,",-3.26,69,448,41,e"
15:07:14.035,RX,"s,185,159,293,118,-6"
15:07:14.036,RX,".14,3.02,5.65,-11.05"
15:07:14.036,RX,",10.04,11.67,0.79,-0"
15:07:14.037,RX,".33,-2.28,-5.51,-1.3"
15:07:14.038,RX,"7,-3.16,56,323,41,e"
15:07:14.039,RX,""
15:07:14.096,RX,"s,192,167,295,118,-2"
15:07:14.096,RX,".28,-4.55,18.48,3.38"
15:07:14.097,RX,",-2.71,14.93,0.79,-1"
15:07:14.097,RX,".21,-2.95,0.01,0.95,"
15:07:14.099,RX,"-1.28,70,265,40,e"
15:07:14.125,RX,"s,195,158,293,120,2."
15:07:14.126,RX,"63,-0.30,13.96,0.05,"
15:07:14.126,RX,"-6.68,7.93,0.09,-1.8"
15:07:14.127,RX,"3,-1.84,3.77,1.17,0."
15:07:14.128,RX,"32,63,219,40,e"
15:07:14.185,RX,"s,194,149,296,128,4."
15:07:14.186,RX,"80,-1.65,11.67,1.72,"
15:07:14.186,RX,"-0.35,5.25,-3.01,-1."
15:07:14.187,RX,"54,-1.55,0.98,-0.49,"
15:07:14.189,RX,"2.76,62,131,42,e"
15:07:14.215,RX,"s,192,134,297,140,3."
15:07:14.216,RX,"76,-5.12,8.56,-0.27,"
15:07:14.216,RX,"-2.36,6.36,-3.09,-1."
15:07:14.217,RX,"36,-1.21,2.50,0.31,4"
15:07:14.219,RX,".25,73,95,44,e"
15:07:14.245,RX,"s,192,126,298,155,3."
15:07:14.246,RX,"97,-4.17,6.33,0.37,-"
15:07:14.246,RX,"3.36,9.57,-2.55,-1.3"
15:07:14.247,RX,"0,-0.86,1.10,-1.17,5"
15:07:14.248,RX,".89,69,88,41,e"
15:07:14.275,RX,"s,194,123,300,170,5."
15:07:14.276,RX,"07,-1.90,5.34,3.85,3"
15:07:14.276,RX,".94,8.62,-0.77,-0.67"
15:07:14.277,RX,",-0.67,0.04,-1.04,6."
15:07:14.278,RX,"53,54,84,39,e"
15:07:14.335,RX,"s,195,118,295,187,2."
15:07:14.335,RX,"65,1.66,6.19,1.93,-3"
15:07:14.336,RX,".80,13.87,-1.22,-0.2"
15:07:14.337,RX,"0,-0.73,3.81,-0.10,6"
15:07:14.339,RX,".65,48,103,40,e"
15:07:14.365,RX,"s,198,112,285,202,-0"
15:07:14.366,RX,".06,-2.91,6.78,-2.36"
15:07:14.366,RX,",-7.39,12.22,-0.53,-"
15:07:14.367,RX,"0.52,-0.25,1.11,0.32"
15:07:14.368,RX,",5.61,58,75,40,e"
15:07:14.395,RX,"s,199,116,283,212,-2"
15:07:14.396,RX,".10,6.99,11.60,11.11"
15:07:14.396,RX,",-7.72,1.65,-0.11,-0"
15:07:14.425,RX,".34,-0.30,0.33,-1.72"
15:07:14.426,RX,",3.41,46,59,40,e"
15:07:14.456,RX,"s,199,120,286,215,-3"
15:07:14.456,RX,".26,-5.50,9.97,-5.79"
15:07:14.457,RX,",-1.09,16.91,-0.25,-"
15:07:14.457,RX,"0.44,-0.54,-3.14,-1."
15:07:14.458,RX,"28,-0.18,43,65,42,e"
15:07:14.459,RX,""
15:07:14.485,RX,"s,199,124,290,213,0."
15:07:14.486,RX,"11,2.28,9.57,6.77,-2"
15:07:14.486,RX,".33,7.22,1.81,0.05,-"
15:07:14.487,RX,"0.53,0.72,0.65,-1.50"
15:07:14.489,RX,",86,86,40,e"
15:07:14.515,RX,"s,199,122,291,208,1."
15:07:14.545,RX,"86,-1.30,7.88,2.65,-"
15:07:14.545,RX,"7.16,7.02,-0.09,0.20"
15:07:14.546,RX,",0.51,0.42,0.77,-2.7"
15:07:14.548,RX,"9,100,96,40,e"
15:07:14.575,RX,"s,194,118,292,202,-6"
15:07:14.575,RX,".82,8.46,13.80,17.58"
15:07:14.576,RX,",6.64,8.97,-0.38,1.3"
15:07:14.577,RX,"0,1.37,-2.10,-2.12,-"
15:07:14.578,RX,"1.34,95,103,39,e"
15:07:14.605,RX,"s,194,104,280,197,10"
15:07:14.606,RX,".08,-11.01,2.73,2.53"
15:07:14.606,RX,",-8.83,4.79,-5.00,-1"
15:07:14.607,RX,".02,0.64,3.30,1.28,-"
15:07:14.609,RX,"2.59,113,114,41,e"
15:07:14.635,RX,"s,193,97,274,191,6.0"
15:07:14.636,RX,"1,-8.33,8.03,-0.16,-"
15:07:14.636,RX,"12.07,8.22,2.39,0.52"
15:07:14.637,RX,",1.77,0.22,0.53,-1.6"
15:07:14.639,RX,"5,103,139,39,e"
15:07:14.695,RX,"s,191,102,281,183,0."
15:07:14.696,RX,"94,-1.04,8.10,1.37,1"
15:07:14.696,RX,".56,9.67,0.64,0.09,1"
15:07:14.697,RX,".36,-1.11,-0.21,-1.7"
15:07:14.699,RX,"9,81,164,42,e"
15:07:14.725,RX,"s,190,102,281,178,2."
15:07:14.726,RX,"06,-0.55,9.48,1.04,-"
15:07:14.726,RX,"3.81,10.16,0.65,0.23"
15:07:14.727,RX,",1.52,1.18,0.18,-1.0"
15:07:14.728,RX,"4,60,164,40,e"
15:07:14.755,RX,"s,189,105,283,171,1."
15:07:14.756,RX,"19,-1.64,9.55,-0.99,"
15:07:14.757,RX,"2.37,10.00,1.21,0.20"
15:07:14.757,RX,",1.68,-1.58,-0.29,-1"
15:07:14.759,RX,".04,48,168,36,e"
15:07:14.815,RX,"s,188,109,287,165,-1"
15:07:14.816,RX,".26,0.90,9.39,-0.57,"
15:07:14.816,RX,"-0.76,10.21,1.23,0.3"
15:07:14.817,RX,"4,1.23,-0.47,-0.11,-"
15:07:14.819,RX,"1.02,41,118,43,e"
15:07:14.845,RX,"s,187,113,289,160,-1"
15:07:14.846,RX,".41,0.06,9.89,-1.01,"
15:07:14.846,RX,"1.05,9.94,1.12,0.26,"
15:07:14.847,RX,"1.11,-0.86,-0.04,-1."
15:07:14.848,RX,"13,41,113,40,e"
15:07:14.905,RX,"s,187,118,291,155,-1"
15:07:14.906,RX,".51,1.44,9.06,-0.41,"
15:07:14.906,RX,"1.37,9.42,1.26,0.30,"
15:07:14.907,RX,"0.99,-0.74,0.11,-1.2"
15:07:14.908,RX,"8,37,190,40,e"
15:07:14.935,RX,"s,186,121,292,150,-1"
15:07:14.936,RX,".29,1.41,10.00,-0.28"
15:07:14.936,RX,",1.04,10.10,1.07,0.3"
15:07:14.937,RX,"9,0.92,-0.47,0.27,-1"
15:07:14.938,RX,".46,34,246,40,e"
15:07:14.965,RX,"s,186,125,292,144,-2"
15:07:14.965,RX,".19,1.91,11.20,-0.59"
15:07:14.966,RX,",1.14,11.29,0.69,0.4"
15:07:14.967,RX,"1,1.06,-0.70,0.28,-1"
15:07:14.968,RX,".66,33,303,38,e"
15:07:15.025,RX,"s,185,129,291,137,-4"
15:07:15.026,RX,".84,2.90,8.65,-2.70,"
15:07:15.026,RX,"6.24,9.28,0.86,0.63,"
15:07:15.027,RX,"1.13,-0.49,0.58,-1.8"
15:07:15.055,RX,"6,35,571,40,e"
15:07:15.056,RX,"s,184,132,288,130,-5"
15:07:15.057,RX,".75,5.74,9.50,-3.21,"
15:07:15.057,RX,"7.53,10.04,0.65,0.73"
15:07:15.058,RX,",0.65,-0.02,0.66,-2."
15:07:15.058,RX,"43,34,699,42,e"
15:07:15.060,RX,"s,183,136,285,123,-5"
15:07:15.086,RX,".55,7.57,5.50,-2.64,"
15:07:15.086,RX,"8.37,9.36,2.31,1.36,"
15:07:15.086,RX,"-0.38,-0.65,0.20,-3."
15:07:15.088,RX,"11,50,585,41,e"
15:07:15.145,RX,"s,183,148,288,118,-7"
15:07:15.146,RX,".58,3.65,10.28,-8.28"
15:07:15.147,RX,",8.30,16.04,1.79,0.6"
15:07:15.147,RX,"4,-2.21,-3.12,-0.81,"
15:07:15.148,RX,"-3.63,43,397,38,e"
15:07:15.175,RX,"s,191,164,295,119,-7"
15:07:15.175,RX,".29,-1.82,10.80,-6.9"
15:07:15.176,RX,"5,21.57,-7.15,1.31,-"
15:07:15.177,RX,"0.89,-2.59,-6.98,-0."
15:07:15.178,RX,"63,-2.17,51,419,40,e"
15:07:15.179,RX,""
15:07:15.205,RX,"s,197,166,297,121,-1"
15:07:15.206,RX,".60,3.99,21.43,-7.86"
15:07:15.206,RX,",-10.57,16.38,1.70,-"
15:07:15.207,RX,"1.36,-2.85,3.64,1.67"
15:07:15.208,RX,",-1.65,43,506,42,e"
15:07:15.295,RX,"s,195,154,296,125,2."
15:07:15.296,RX,"24,-2.38,14.62,-1.90"
15:07:15.296,RX,",1.25,2.81,-1.56,-1."
15:07:15.297,RX,"91,-1.87,0.61,-1.34,"
15:07:15.298,RX,"1.61,59,377,41,e"
15:07:15.299,RX,"s,195,149,300,132,3."
15:07:15.299,RX,"90,-2.95,11.56,2.68,"
15:07:15.325,RX,"-2.91,7.75,-2.69,-1."
15:07:15.326,RX,"62,-1.63,0.29,-1.05,"
15:07:15.327,RX,"2.92,73,256,45,e
s,"
15:07:15.327,RX,"194,140,303,144,4.45"
15:07:15.328,RX,",-4.26,7.25,1.65,-1."
15:07:15.329,RX,"42,0.96,-2.60,-1.56,"
15:07:15.355,RX,"-1.14,2.26,-0.49,4.8"
15:07:15.357,RX,"4,57,193,39,e"
15:07:15.385,RX,"s,192,128,303,162,5."
15:07:15.386,RX,"01,-6.55,3.64,-0.87,"
15:07:15.386,RX,"-3.63,7.64,-2.51,-1."
15:07:15.387,RX,"29,-0.39,2.66,-1.24,"
15:07:15.389,RX,"6.11,46,149,38,e"
15:07:15.445,RX,"s,193,126,304,178,5."
15:07:15.446,RX,"54,-3.64,3.41,2.86,-"
15:07:15.446,RX,"1.10,8.66,-0.38,-0.5"
15:07:15.447,RX,"4,-0.29,-0.11,-1.51,"
15:07:15.447,RX,"6.59,40,96,42,e"
15:07:15.449,RX,"s,195,124,300,193,2."
15:07:15.505,RX,"60,-0.50,6.06,3.58,-"
15:07:15.505,RX,"5.18,15.06,-0.18,-0."
15:07:15.506,RX,"87,-0.18,3.06,-0.67,"
15:07:15.507,RX,"6.64,40,69,42,e"
15:07:15.508,RX,"s,198,124,295,206,-5"
15:07:15.508,RX,".06,6.22,13.46,2.65,"
15:07:15.510,RX,"-6.16,8.82,1.01,-0.9"
15:07:15.535,RX,"1,0.25,-0.80,-1.44,5"
15:07:15.536,RX,".17,43,54,42,e
s,19"
15:07:15.536,RX,"9,127,294,211,-5.06,"
15:07:15.537,RX,"1.99,10.48,-2.47,-6."
15:07:15.538,RX,"18,9.13,-1.77,-0.59,"
15:07:15.539,RX,"-0.48,-1.33,-1.29,1."
15:07:15.565,RX,"21,44,86,39,e"
15:07:15.565,RX,"s,198,127,294,211,-0"
15:07:15.566,RX,".88,1.14,8.90,5.32,2"
15:07:15.567,RX,".25,9.08,0.00,0.08,-"
15:07:15.568,RX,"0.38,-0.06,0.05,-1.4"
15:07:15.569,RX,"0,83,135,40,e"
15:07:15.625,RX,"s,198,122,291,207,2."
15:07:15.626,RX,"38,0.47,5.67,3.84,-6"
15:07:15.627,RX,".45,6.99,-0.76,-0.26"
15:07:15.627,RX,",0.18,1.82,1.16,-2.7"
15:07:15.628,RX,"1,128,92,40,e"
15:07:15.655,RX,"s,194,115,289,203,-2"
15:07:15.656,RX,".83,14.95,13.23,8.31"
15:07:15.657,RX,",-12.72,-0.34,0.15,0"
15:07:15.657,RX,".79,0.67,-1.12,-0.37"
15:07:15.658,RX,",-2.56,195,115,42,e"
15:07:15.659,RX,""
15:07:15.685,RX,"s,194,103,279,196,21"
15:07:15.686,RX,".11,-17.46,-1.26,2.4"
15:07:15.687,RX,"4,-7.63,10.40,-2.98,"
15:07:15.687,RX,"-0.97,-0.14,2.61,1.1"
15:07:15.688,RX,"1,-3.42,195,86,38,e"
15:07:15.689,RX,""
15:07:15.745,RX,"s,192,102,281,189,3."
15:07:15.746,RX,"51,-7.85,10.43,1.78,"
15:07:15.746,RX,"-13.12,12.65,2.14,0."
15:07:15.747,RX,"82,1.52,0.18,-0.35,-"
15:07:15.748,RX,"2.05,146,106,43,e"
15:07:15.775,RX,"s,191,106,285,182,2."
15:07:15.775,RX,"50,-1.78,12.13,3.15,"
15:07:15.776,RX,"-1.85,10.90,0.93,0.3"
15:07:15.777,RX,"6,1.70,-0.46,0.10,-1"
15:07:15.778,RX,".23,108,141,40,e"
15:07:15.805,RX,"s,189,106,286,176,3."
15:07:15.805,RX,"68,-1.25,10.15,1.59,"
15:07:15.806,RX,"-2.78,11.03,0.18,0.3"
15:07:15.807,RX,"9,1.88,-0.40,-0.07,-"
15:07:15.808,RX,"0.86,94,169,38,e"
15:07:15.866,RX,"s,187,109,287,170,0."
15:07:15.866,RX,"13,-1.51,9.14,-1.70,"
15:07:15.866,RX,"-0.10,10.32,0.64,0.3"
15:07:15.867,RX,"0,1.91,-0.79,-0.14,-"
15:07:15.869,RX,"0.68,73,171,41,e"
15:07:15.895,RX,"s,187,112,290,164,-1"
15:07:15.896,RX,".43,0.38,9.11,-2.54,"
15:07:15.896,RX,"1.35,9.88,1.38,0.36,"
15:07:15.897,RX,"1.49,-1.25,-0.31,-0."
15:07:15.898,RX,"91,65,117,40,e"
15:07:15.925,RX,"s,186,118,294,158,-1"
15:07:15.926,RX,".64,0.88,9.22,0.71,2"
15:07:15.955,RX,".07,9.35,2.13,0.35,0"
15:07:15.956,RX,".98,-1.08,-0.05,-1.0"
15:07:15.958,RX,"8,52,146,39,e"
15:07:15.985,RX,"s,186,125,297,153,-1"
15:07:15.986,RX,".40,2.55,9.57,-0.27,"
15:07:15.987,RX,"2.15,9.75,1.91,0.52,"
15:07:15.987,RX,"1.00,-0.92,0.35,-1.2"
15:07:15.989,RX,"8,45,168,40,e"
15:07:16.015,RX,"s,186,130,298,147,-2"
15:07:16.016,RX,".14,2.49,8.72,-1.20,"
15:07:16.016,RX,"2.01,9.82,0.94,0.51,"
15:07:16.017,RX,"1.15,-0.82,0.28,-1.5"
15:07:16.019,RX,"4,56,163,39,e"
15:07:16.045,RX,"s,186,134,296,139,-3"
15:07:16.046,RX,".20,1.67,10.31,-0.57"
15:07:16.047,RX,",2.86,10.21,0.45,0.4"
15:07:16.047,RX,"6,1.18,-0.51,0.58,-1"
15:07:16.048,RX,".68,45,251,40,e"
15:07:16.106,RX,"s,185,136,294,133,-3"
15:07:16.106,RX,".94,4.08,8.73,-3.18,"
15:07:16.107,RX,"6.15,9.34,0.73,0.82,"
15:07:16.107,RX,"1.11,-0.33,0.82,-1.9"
15:07:16.108,RX,"7,44,348,42,e"
15:07:16.135,RX,"s,185,139,290,126,-4"
15:07:16.135,RX,".16,5.69,7.93,-2.14,"
15:07:16.136,RX,"7.70,9.75,1.21,1.07,"
15:07:16.137,RX,"0.46,-0.29,0.71,-2.6"
15:07:16.139,RX,"9,51,302,39,e"
15:07:16.165,RX,"s,184,145,289,121,-7"
15:07:16.165,RX,".59,6.88,11.02,-7.74"
15:07:16.166,RX,",14.46,11.91,2.06,1."
15:07:16.167,RX,"09,-0.43,-1.32,0.38,"
15:07:16.168,RX,"-3.43,63,245,38,e"
15:07:16.225,RX,"s,187,158,291,116,-9"
15:07:16.226,RX,".25,3.51,5.96,-17.56"
15:07:16.227,RX,",10.01,12.34,0.43,-0"
15:07:16.227,RX,".27,-2.12,-4.95,-0.7"
15:07:16.228,RX,"0,-3.69,48,215,40,e"
15:07:16.229,RX,""
15:07:16.255,RX,"s,192,162,292,116,-4"
15:07:16.256,RX,".23,-2.86,20.93,4.64"
15:07:16.257,RX,",11.81,5.74,0.57,-1."
15:07:16.257,RX,"13,-3.50,-1.10,0.41,"
15:07:16.259,RX,"-0.88,52,281,43,e"
15:07:16.315,RX,"s,195,150,289,119,2."
15:07:16.316,RX,"92,-2.03,17.28,-4.84"
15:07:16.316,RX,",-11.72,16.97,-0.57,"
15:07:16.317,RX,"-1.84,-1.98,5.36,2.4"
15:07:16.318,RX,"4,-0.92,56,259,39,e"
15:07:16.319,RX,""
15:07:16.345,RX,"s,195,142,291,127,4."
15:07:16.346,RX,"45,-1.60,12.62,0.72,"
15:07:16.346,RX,"0.23,3.96,-1.90,-1.7"
15:07:16.347,RX,"9,-1.90,-0.18,-1.41,"
15:07:16.348,RX,"2.35,96,172,42,e"
15:07:16.375,RX,"s,195,139,295,135,4."
15:07:16.376,RX,"58,-2.69,8.81,3.94,-"
15:07:16.376,RX,"1.74,5.36,-2.86,-1.5"
15:07:16.377,RX,"0,-1.62,-0.21,-1.01,"
15:07:16.378,RX,"3.66,118,109,40,e"
15:07:16.435,RX,"s,196,128,298,152,6."
15:07:16.436,RX,"56,-3.81,4.85,3.75,0"
15:07:16.436,RX,".08,-0.97,-2.81,-1.1"
15:07:16.437,RX,"4,-1.25,1.55,-0.67,5"
15:07:16.438,RX,".37,103,104,36,e"
15:07:16.465,RX,"s,193,117,294,169,5."
15:07:16.465,RX,"52,-4.42,1.66,-0.70,"
15:07:16.466,RX,"-3.42,8.36,-3.06,-0."
15:07:16.467,RX,"56,-0.14,3.63,-0.94,"
15:07:16.468,RX,"6.52,82,70,43,e"
15:07:16.495,RX,"s,194,117,295,184,4."
15:07:16.496,RX,"42,-3.21,3.02,3.31,-"
15:07:16.496,RX,"2.46,10.27,-0.05,-0."
15:07:16.497,RX,"11,-0.41,-0.70,-1.82"
15:07:16.498,RX,",6.66,69,104,40,e"
15:07:16.555,RX,"s,196,118,292,199,3."
15:07:16.556,RX,"54,-1.78,6.51,2.35,-"
15:07:16.557,RX,"3.59,11.41,0.65,-0.0"
15:07:16.557,RX,"4,-0.30,2.57,-0.06,6"
15:07:16.559,RX,".68,68,101,39,e"
15:07:16.585,RX,"s,199,120,289,209,-6"
15:07:16.586,RX,".40,7.53,15.96,3.61,"
15:07:16.586,RX,"-6.52,7.84,1.68,-0.3"
15:07:16.587,RX,"8,-0.01,-0.03,-0.72,"
15:07:16.589,RX,"4.93,80,131,39,e"
15:07:16.615,RX,"s,200,123,286,217,-5"
15:07:16.616,RX,".29,-0.27,11.78,-3.9"
15:07:16.617,RX,"6,-6.51,10.87,-1.69,"
15:07:16.617,RX,"-0.77,-0.35,-1.48,-0"
15:07:16.618,RX,".86,0.61,79,144,40,e"
15:07:16.619,RX,""
15:07:16.675,RX,"s,200,123,288,214,-0"
15:07:16.675,RX,".15,-0.12,10.13,5.93"
15:07:16.676,RX,",0.15,6.36,0.41,0.24"
15:07:16.677,RX,",-0.09,0.23,0.67,-2."
15:07:16.678,RX,"12,88,108,40,e"
15:07:16.679,RX,"s,199,118,287"
15:07:16.705,RX,",209,18.16,-2.26,23."
15:07:16.706,RX,"08,-31.22,-0.18,33.5"
15:07:16.707,RX,"2,-1.61,0.01,0.94,4."
15:07:16.707,RX,"61,0.27,-3.81,163,10"
15:07:16.708,RX,"0,43,e"
15:07:16.735,RX,"s,195,117,289,205,-1"
15:07:16.735,RX,".87,9.17,7.82,-1.10,"
15:07:16.736,RX,"-20.53,-3.26,-2.57,-"
15:07:16.737,RX,"1.11,0.39,0.82,1.98,"
15:07:16.738,RX,"-3.33,178,96,39,e"
15:07:16.795,RX,"s,195,103,278,198,15"
15:07:16.796,RX,".98,-11.97,9.20,-2.1"
15:07:16.796,RX,"9,-0.69,6.00,0.35,0."
15:07:16.797,RX,"05,0.10,3.05,2.02,-2"
15:07:16.798,RX,".93,197,65,38,e"
15:07:16.825,RX,"s,193,103,280,190,2."
15:07:16.826,RX,"68,-0.23,12.15,5.40,"
15:07:16.826,RX,"-12.78,9.52,1.54,0.2"
15:07:16.827,RX,"9,1.45,-0.89,-0.52,-"
15:07:16.828,RX,"2.12,169,75,42,e"
15:07:16.855,RX,"s,192,105,284,184,3."
15:07:16.856,RX,"40,-2.07,10.30,2.85,"
15:07:16.857,RX,"1.90,8.08,1.03,0.11,"
15:07:16.857,RX,"1.55,-1.18,-0.07,-1."
15:07:16.859,RX,"22,113,101,40,e"
15:07:16.915,RX,"s,190,105,284,178,3."
15:07:16.916,RX,"04,-2.12,9.91,-0.23,"
15:07:16.916,RX,"-4.13,11.07,-0.08,0."
15:07:16.917,RX,"36,1.73,-0.02,-0.15,"
15:07:16.918,RX,"-1.03,81,129,40,e"
15:07:16.918,RX,"s,189,107,286,172,-0"
15:07:16.920,RX,".01,-1.65,9.32,-1.63"
15:07:16.945,RX,",1.50,8.95,0.77,0.05"
15:07:16.946,RX,",1.68,-0.64,-0.12,-0"
15:07:16.947,RX,".85,69,143,40,e"
15:07:16.975,RX,"s,188,110,287,"
15:07:16.976,RX,"167,-0.29,-0.15,9.44"
15:07:16.976,RX,",-0.70,0.20,9.91,1.2"
15:07:16.977,RX,"0,0.28,1.44,-0.63,-0"
15:07:16.977,RX,".11,-0.99,53,99,40,e"
15:07:16.979,RX,""
15:07:17.005,RX,"s,187,11"
15:07:17.035,RX,"5,291,160,-1.95,1.38"
15:07:17.035,RX,",9.28,-0.68,1.51,10."
15:07:17.036,RX,"06,1.52,0.36,1.14,-0"
15:07:17.037,RX,".67,0.05,-1.18,48,11"
15:07:17.038,RX,"8,38,e"
15:07:17.039,RX,"s,187,119,293,155,-1"
15:07:17.065,RX,".90,2.52,9.28,-0.01,"
15:07:17.066,RX,"2.75,9.97,1.07,0.30,"
15:07:17.066,RX,"1.02,-0.70,0.22,-1.4"
15:07:17.068,RX,"5,44,144,42,e"
15:07:17.095,RX,"s,187,122,292,150,-1"
15:07:17.096,RX,".13,1.89,10.34,-0.42"
15:07:17.097,RX,",0.66,10.82,0.51,0.3"
15:07:17.097,RX,"8,1.01,-0.38,"
15:07:17.098,RX,"0.38,-1.60,38,213,40"
15:07:17.099,RX,",e"
15:07:17.156,RX,"s,186,124,291,144,-2"
15:07:17.156,RX,".89,0.83,9.63,-1.83,"
15:07:17.156,RX,"2.43,10.22,0.10,0.26"
15:07:17.157,RX,",1.25,-0.43,0.47,-1."
15:07:17.159,RX,"77,35,346,40,e"
15:07:17.185,RX,"s,186,125,288,137,-3"
15:07:17.186,RX,".83,2.54,8.82,-2.80,"
15:07:17.187,RX,"5.37,9.53,0.43,0.65,"
15:07:17.187,RX,"1.06,-0.05,0.62,-2.0"
15:07:17.215,RX,"8,34,428,40,e"
15:07:17.216,RX,"s,184,128,285,130,-4"
15:07:17.216,RX,".77,5.10,7.48,-2.83,"
15:07:17.217,RX,"6.01,"
15:07:17.218,RX,"9.58,1.41,0.92,0.37,"
15:07:17.218,RX,"0.06,0.61,-2.72,38,3"
15:07:17.220,RX,"10,39,e"
15:07:17.245,RX,"s,184,136,284,122,-6"
15:07:17.246,RX,".12,4.38,7.58,-9.37,"
15:07:17.246,RX,"1"
15:07:17.275,RX,"4.07,11.02,2.11,1.04"
15:07:17.275,RX,",-0.56,-1.07,0.17,-3"
15:07:17.276,RX,".46,35,193,39,e"
15:07:17.277,RX,"s,186,146,287,118,-8"
15:07:17.278,RX,".40,9.32,8.17,-12.06"
15:07:17.279,RX,",7.06,17.98,1.39,0.0"
15:07:17.305,RX,"9,-2.11,-3.98,-1.01,"
15:07:17.307,RX,"-3.62,36,257,43,e"
15:07:17.335,RX,"s,191,155,290,117,-2"
15:07:17.336,RX,".67,-3.80,15.00,1.07"
15:07:17.336,RX,",15.42,-4.98,0.16,-0"
15:07:17.365,RX,".85,-3.40,-4.44,-0.6"
15:07:17.366,RX,"4,-1.54,36,345,40,e"
15:07:17.366,RX,""
15:07:17.367,RX,"s,197,156,293,121,0."
15:07:17.368,RX,"08,0.84,18.00,-6.63,"
15:07:17.369,RX,"-13.46,19."
15:07:17.395,RX,"08,1.86,-1.45,-2.50,"
15:07:17.396,RX,"4.46,1.77,-1.18,33,3"
15:07:17.397,RX,"50,38,e"
15:07:17.426,RX,"s,198,147,293,126,2."
15:07:17.426,RX,"97,-1.37,13.74,0.47,"
15:07:17.426,RX,"0.51,3.10,-0.53,-1.7"
15:07:17.427,RX,"8,-2.05,0.13,-1.30,1"
15:07:17.428,RX,".94,80,234,41,e"
15:07:17.455,RX,"s,198,144,299,137,5."
15:07:17.456,RX,"22,-1.95,9.85,4.26,-"
15:07:17.457,RX,"1.55,5.44,-2.25,-1.3"
15:07:17.457,RX,"6,-1.64,-0.20,-1.21,"
15:07:17.459,RX,"3.16,92,137,42,e"
15:07:17.515,RX,"s,197,135,301,149,4."
15:07:17.516,RX,"83,-3.45,5.29,2.56,-"
15:07:17.517,RX,"1.57,1.90,-2.73,-1.3"
15:07:17.545,RX,"6,-1.04,2.19,-1.10,5"
15:07:17.546,RX,".38,69,82,43,e"
15:07:17.546,RX,"s,194,125,301,166,5."
15:07:17.575,RX,"05,-5.59,1.90,0.43,-"
15:07:17.575,RX,"0.69,6.43,-2.98,-0.8"
15:07:17.576,RX,"4,-0.18,2.52,-1.40,6"
15:07:17.577,RX,".18,54,105,44,e"
15:07:17.578,RX,"s,194,122,300,181,4."
15:07:17.578,RX,"63,-2.90,2.71,3.09,-"
15:07:17.580,RX,"0.07,10.21,-1.30,-0."
15:07:17.605,RX,"42,0.10,-0.89,-1.74,"
15:07:17.607,RX,"6.55,46,84,40,e"
15:07:17.635,RX,"s,195,123,298,196,3."
15:07:17.665,RX,"43,-0.24,6.84,2.16,-"
15:07:17.666,RX,"0.88,15.58,0.46,-0.3"
15:07:17.667,RX,"2,-0.28,2.50,-0.40,6"
15:07:17.667,RX,".37,40,73,39,e"
15:07:17.668,RX,"s,199,123,291,209,-7"
15:07:17.668,RX,".64,8.92,16.34,3.10,"
15:07:17.670,RX,"-6.78,7.83,1.42,-0.2"
15:07:17.696,RX,"6,0.08,0.28,-0.85,4."
15:07:17.696,RX,"53,50,63,40,e"
15:07:17.696,RX,"s,201,125,290,215,-4"
15:07:17.697,RX,".11,-0.50,10.71,-1.2"
15:07:17.698,RX,"1,-4.56,11.13,-1.46,"
15:07:17.699,RX,"-1.30,-0.61,-1.28,-1"
15:07:17.725,RX,".13,0.08,62,65,42,e"
15:07:17.726,RX,""
15:07:17.755,RX,"s,200,125,290,214,0."
15:07:17.756,RX,"28,-0.96,10.18,6.60,"
15:07:17.757,RX,"-3.22,6.83,-0.02,0.0"
15:07:17.757,RX,"9,0.01,0.25,0.35,-2."
15:07:17.759,RX,"34,90,53,40,e"
15:07:17.785,RX,"s,198,120,289,208,3."
15:07:17.786,RX,"67,-4.35,24.99,14.80"
15:07:17.786,RX,",12.48,21.13,-0.40,-"
15:07:17.787,RX,"0.09,0.59,1.52,-1.14"
15:07:17.788,RX,",-1.38,228,48,42,e"
15:07:17.845,RX,"s,195,114,287,202,4."
15:07:17.846,RX,"36,-2.62,2.31,3.58,-"
15:07:17.846,RX,"7.49,6.80,-2.73,-0.7"
15:07:17.847,RX,"9,0.37,0.94,1.49,-3."
15:07:17.849,RX,"01,187,52,38,e"
15:07:17.875,RX,"s,194,104,279,198,8."
15:07:17.875,RX,"66,-12.18,6.31,-2.40"
15:07:17.876,RX,",-12.41,6.14,-0.34,-"
15:07:17.877,RX,"0.15,0.48,2.97,1.93,"
15:07:17.879,RX,"-2.09,162,57,42,e"
15:07:17.905,RX,"s,193,103,280,192,2."
15:07:17.905,RX,"52,-2.16,9.92,2.83,-"
15:07:17.906,RX,"4.10,9.51,1.46,0.17,"
15:07:17.907,RX,"1.51,-1.43,-0.24,-2."
15:07:17.908,RX,"01,116,74,38,e"
15:07:17.965,RX,"s,192,107,286,183,2."
15:07:17.966,RX,"55,-1.19,11.05,2.26,"
15:07:17.967,RX,"-1.03,9.22,1.19,0.18"
15:07:17.967,RX,",1.30,-1.12,0.07,-1."
15:07:17.969,RX,"34,87,85,40,e"
15:07:17.995,RX,"s,191,106,285,179,3."
15:07:17.996,RX,"13,-1.88,9.53,0.07,-"
15:07:17.996,RX,"4.74,10.57,0.24,0.34"
15:07:17.997,RX,",1.66,0.46,-0.09,-1."
15:07:17.998,RX,"00,66,122,41,e"
15:07:18.025,RX,"s,190,109,287,173,0."
15:07:18.026,RX,"06,-1.17,9.95,-1.14,"
15:07:18.026,RX,"1.36,9.60,0.74,0.06,"
15:07:18.027,RX,"1.63,-0.91,-0.14,-0."
15:07:18.028,RX,"89,51,166,38,e"
15:07:18.087,RX,"s,189,112,289,167,-0"
15:07:18.094,RX,".05,-0.32,9.49,-0.61"
15:07:18.094,RX,",0.05,10.21,0.98,0.3"
15:07:18.094,RX,"0,1.41,-0.63,-0.10,-"
15:07:18.094,RX,"0.98,43,121,40,e"
15:07:18.116,RX,"s,188,115,292,162,-1"
15:07:18.116,RX,".35,0.67,9.02,-1.45,"
15:07:18.117,RX,"0.73,10.13,1.28,0.32"
15:07:18.117,RX,",1.17,-0.79,-0.05,-1"
15:07:18.119,RX,".05,38,96,42,e"
15:07:18.146,RX,"s,188,120,294,156,-1"
15:07:18.146,RX,".66,1.74,9.38,-0.44,"
15:07:18.146,RX,"1.54,10.00,1.21,0.26"
15:07:18.147,RX,",1.01,-0.85,0.03,-1."
15:07:18.176,RX,"31,36,121,39,e"
15:07:18.205,RX,"s,188,124,295,151,-0"
15:07:18.206,RX,".49,2.20,9.95,-0.10,"
15:07:18.207,RX,"1.31,10.39,1.25,0.31"
15:07:18.207,RX,",0.92,-0.62,0.26,-1."
15:07:18.209,RX,"46,34,190,39,e"
15:07:18.235,RX,"s,188,128,295,145,-2"
15:07:18.235,RX,".12,1.45,10.37,-1.46"
15:07:18.236,RX,",2.11,11.05,0.52,0.3"
15:07:18.237,RX,"9,1.08,-0.56,0.31,-1"
15:07:18.238,RX,".59,33,254,39,e"
15:07:18.265,RX,"s,187,130,293,139,-3"
15:07:18.266,RX,".08,2.03,8.50,-2.31,"
15:07:18.266,RX,"4.12,9.82,0.37,0.52,"
15:07:18.267,RX,"1.14,-0.34,0.54,-1.7"
15:07:18.268,RX,"8,37,348,41,e"
15:07:18.326,RX,"s,186,133,289,131,-3"
15:07:18.326,RX,".93,3.92,10.47,-2.07"
15:07:18.326,RX,",5.20,11.14,0.65,0.6"
15:07:18.327,RX,"6,0.79,-0.14,0.67,-2"
15:07:18.328,RX,".29,42,471,42,e"
15:07:18.355,RX,"s,186,136,287,125,-4"
15:07:18.356,RX,".87,5.06,8.39,-2.06,"
15:07:18.356,RX,"6.86,10.06,1.27,0.91"
15:07:18.357,RX,",0.61,-0.55,0.56,-2."
15:07:18.359,RX,"56,38,461,41,e"
15:07:18.385,RX,"s,187,145,286,118,-9"
15:07:18.386,RX,".54,9.57,7.86,-9.88,"
15:07:18.386,RX,"15.32,10.42,2.32,0.9"
15:07:18.387,RX,"4,-0.46,-1.81,0.15,-"
15:07:18.389,RX,"3.20,46,345,38,e"
15:07:18.452,RX,"s,190,157,289,115,-8"
15:07:18.452,RX,".88,0.36,9.01,-8.67,"
15:07:18.452,RX,"18.34,-1.72,-0.12,-0"
15:07:18.452,RX,".96,-2.38,-5.33,-0.7"
15:07:18.456,RX,"7,-3.23,42,447,37,e"
15:07:18.456,RX,""
15:07:18.475,RX,"s,197,160,293,120,-1"
15:07:18.476,RX,".90,-1.32,22.83,1.79"
15:07:18.476,RX,",-6.67,23.16,0.88,-1"
15:07:18.477,RX,".04,-3.56,-0.49,0.23"
15:07:18.478,RX,",-1.19,38,489,43,e"
15:07:18.505,RX,"s,199,152,292,123,3."
15:07:18.505,RX,"21,-3.02,14.24,1.46,"
15:07:18.506,RX,"-5.57,7.66,0.04,-1.6"
15:07:18.507,RX,"9,-2.14,3.88,1.10,-0"
15:07:18.508,RX,".16,58,395,41,e"
15:07:18.535,RX,"s,200,14"
15:07:18.565,RX,"5,295,131,4.93,-1.46"
15:07:18.566,RX,",10.71,2.27,0.23,3.2"
15:07:18.566,RX,"3,-1.80,-1.73,-2.05,"
15:07:18.567,RX,"0.54,-1.19,2.75,79,2"
15:07:18.568,RX,"45,41,e"
15:07:18.569,RX,"s,199,140,300,142,4."
15:07:18.595,RX,"91,-3.97,7.93,2.98,-"
15:07:18.596,RX,"2.35,4.69,-2.73,-1.4"
15:07:18.597,RX,"2,-1.33,0.86,-1.13,3"
15:07:18.598,RX,".97,69,152,40,e"
15:07:18.625,RX,"s,197,131,302,157,5."
15:07:18.626,RX,"33,-5.39,4.25,2.67,0"
15:07:18.627,RX,".75,3.97,-3.45,-1.06"
15:07:18.627,RX,",-0.59,1.64,-0.98,5."
15:07:18.628,RX,"68,59,109,39,e"
15:07:18.655,RX,"s,194,121,298,174,5."
15:07:18.656,RX,"89,-2"
15:07:18.716,RX,".99,2.00,-1.69,-5.62"
15:07:18.716,RX,",12.66,-1.24,-0.33,-"
15:07:18.717,RX,"0.44,2.29,-1.39,6.61"
15:07:18.717,RX,",49,77,39,e"
15:07:18.718,RX,"s,194,122,299,189,3."
15:07:18.718,RX,"42,-2.18,4.4"
15:07:18.720,RX,"4,1.68,-0.16,14.24,-"
15:07:18.745,RX,"0.10,-0.12,-0.38,1.6"
15:07:18.746,RX,"9,-1.37,6.22,51,82,4"
15:07:18.746,RX,"2,e
s,197,122,294,"
15:07:18.747,RX,"203,-2.94,0.10,12.95"
15:07:18.748,RX,",-0.88,-3.68,14.90,0"
15:07:18.749,RX,".94,-0.74,-0.14,1.30"
15:07:18.775,RX,",0.39,5.89,54,77,39,"
15:07:18.775,RX,"e
s,198,126,292,213"
15:07:18.776,RX,",-6.40,6.10,12.83,-0"
15:07:18.778,RX,".60,-"
15:07:18.805,RX,"8.67,8.38,0.20,-0.08"
15:07:18.806,RX,",-0.30,-0.35,-0.79,2"
15:07:18.807,RX,".56,64,67,41,e"
15:07:18.807,RX,"s,198,126,290,217,-2"
15:07:18.808,RX,".51,0."
15:07:18.835,RX,"32,10.37,2.50,-0.28,"
15:07:18.835,RX,"9.66,-1.54,-0.39,-0."
15:07:18.836,RX,"23,-0.84,-0.78,0.02,"
15:07:18.838,RX,"79,61,41,e"
15:07:18.865,RX,"s,198,123,289,214,1."
15:07:18.866,RX,"36,-0.53,8.57,4.04,-"
15:07:18.866,RX,"3.80,6.23,-0.10,-0.1"
15:07:18.867,RX,"4,-0.21,0.71,0.89,-2"
15:07:18.868,RX,".27,76,46,39,e"
15:07:18.926,RX,"s,197,117,287,209,17"
15:07:18.926,RX,".67,-5.75,25.07,-21."
15:07:18.927,RX,"25,8.43,35.65,-0.44,"
15:07:18.927,RX,"0.51,0.59,4.06,0.33,"
15:07:18.928,RX,"-2.62,144,45,42,e"
15:07:18.955,RX,"s,194,117,291,203,1."
15:07:18.956,RX,"67,-6.05,4.34,5.32,-"
15:07:18.956,RX,"8.11,9.46,-1.94,-0.9"
15:07:18.958,RX,"0,0.43,0.98,1.43,-2."
15:07:18.959,RX,"74,169,56,41,e"
15:07:18.985,RX,"s,193,105,281,198,7."
15:07:18.986,RX,"55,-7.05,8.83,-1.29,"
15:07:18.986,RX,"-2.86,7.92,-0.74,-0."
15:07:18.987,RX,"17,0.02,1.45,0.24,-2"
15:07:18.989,RX,".68,125,54,46,e"
15:07:19.045,RX,"s,192,104,282,192,7."
15:07:19.046,RX,"36,-6.90,8.78,2.16,-"
15:07:19.046,RX,"4.89,8.32,1.89,0.36,"
15:07:19.047,RX,"0.94,-1.78,-0.30,-2."
15:07:19.049,RX,"12,85,77,41,e"
15:07:19.075,RX,"s,191,109,287,186,0."
15:07:19.075,RX,"95,-0.71,11.02,1.56,"
15:07:19.076,RX,"-2.97,10.58,1.06,0.3"
15:07:19.077,RX,"8,1.32,-0.08,-0.07,-"
15:07:19.078,RX,"1.12,67,116,38,e"
15:07:19.135,RX,"s,190,111,290,180,1."
15:07:19.136,RX,"93,-1.74,9.06,0.25,-"
15:07:19.136,RX,"0.70,9.91,0.53,0.29,"
15:07:19.137,RX,"1.27,-0.65,-0.15,-0."
15:07:19.138,RX,"88,53,115,41,e"
15:07:19.166,RX,"s,189,113,292,176,0."
15:07:19.166,RX,"02,-0.14,8.94,-0.68,"
15:07:19.166,RX,"0.90,9.52,0.49,0.24,"
15:07:19.167,RX,"1.26,-0.63,-0.11,-0."
15:07:19.169,RX,"77,47,126,41,e"
15:07:19.196,RX,"s,188,114,293,172,-0"
15:07:19.196,RX,".49,0.21,9.33,-0.89,"
15:07:19.196,RX,"0.78,9.79,0.33,0.19,"
15:07:19.225,RX,"1.11,-0.47,-0.09,-0."
15:07:19.226,RX,"84,45,114,39,e"
15:07:19.255,RX,"s,187,116,294,167,-0"
15:07:19.256,RX,".69,0.13,9.16,-0.40,"
15:07:19.256,RX,"1.84,9.27,0.40,0.18,"
15:07:19.257,RX,"0.87,-0.49,0.10,-0.9"
15:07:19.259,RX,"9,42,74,40,e"
15:07:19.285,RX,"s,187,117,294,164,-0"
15:07:19.286,RX,".16,0.66,9.39,-0.11,"
15:07:19.286,RX,"0.60,9.94,0.87,0.24,"
15:07:19.287,RX,"0.60,-0.14,0.31,-1.0"
15:07:19.289,RX,"7,38,58,38,e"
15:07:19.315,RX,"s,187,119,295,159,-0"
15:07:19.316,RX,".32,0.90,9.40,-0.19,"
15:07:19.316,RX,"0.65,10.09,0.67,0.22"
15:07:19.317,RX,",0.60,-0.26,0.30,-1."
15:07:19.319,RX,"20,36,41,41,e"
15:07:19.375,RX,"s,187,121,295,155,-0"
15:07:19.375,RX,".59,0.26,9.50,-0.69,"
15:07:19.376,RX,"1.19,10.01,0.48,0.29"
15:07:19.377,RX,",0.58,-0.30,0.36,-1."
15:07:19.378,RX,"31,38,40,40,e"
15:07:19.405,RX,"s,187,122,294,152,-1"
15:07:19.405,RX,".14,1.08,9.46,-0.86,"
15:07:19.406,RX,"0.73,10.08,0.43,0.33"
15:07:19.407,RX,",0.57,-0.19,0.42,-1."
15:07:19.408,RX,"38,34,66,42,e"
15:07:19.435,RX,"s,187,124,293,147,-1"
15:07:19.436,RX,".49,1.51,8.43,-1.41,"
15:07:19.436,RX,"2.25,9.68,0.48,0.36,"
15:07:19.437,RX,"0.66,-0.28,0.43,-1.5"
15:07:19.439,RX,"9,34,127,38,e"
15:07:19.496,RX,"s,187,127,292,142,-2"
15:07:19.496,RX,".27,2.81,7.85,-2.50,"
15:07:19.496,RX,"5.05,8.75,0.92,0.65,"
15:07:19.497,RX,"0.11,-0.72,0.30,-2.1"
15:07:19.498,RX,"2,46,173,37,e"
15:07:19.527,RX,"s,188,131,292,137,-5"
15:07:19.527,RX,".31,2.45,9.43,-4.28,"
15:07:19.527,RX,"5.34,12.96,1.26,0.63"
15:07:19.528,RX,",-0.33,-0.44,0.36,-2"
15:07:19.528,RX,".73,41,129,44,e"
15:07:19.556,RX,"s,188,137,292,132,-7"
15:07:19.556,RX,".06,5.72,10.72,-8.84"
15:07:19.556,RX,",8.17,16.76,1.28,0.4"
15:07:19.557,RX,"1,-1.11,-1.31,-0.63,"
15:07:19.558,RX,"-2.94,37,125,39,e"
15:07:19.616,RX,"s,192,146,297,130,3."
15:07:19.616,RX,"46,-2.30,13.40,-4.51"
15:07:19.616,RX,",5.57,6.04,0.47,-0.6"
15:07:19.617,RX,"1,-2.75,-5.58,-1.25,"
15:07:19.619,RX,"-2.08,34,184,41,e"
15:07:19.645,RX,"s,198,152,300,132,0."
15:07:19.646,RX,"30,-3.55,14.26,1.39,"
15:07:19.646,RX,"-8.48,9.80,2.73,-0.7"
15:07:19.647,RX,"3,-2.38,0.56,0.28,-1"
15:07:19.649,RX,".20,33,172,41,e"
15:07:19.675,RX,"s,200,154,304,136,4."
15:07:19.676,RX,"20,1.34,11.17,3.27,-"
15:07:19.676,RX,"2.06,5.96,0.58,-1.32"
15:07:19.677,RX,",-1.52,-0.08,-1.80,0"
15:07:19.678,RX,".88,50,137,38,e"
15:07:19.735,RX,"s,202,156,309,142,4."
15:07:19.736,RX,"20,-3.22,7.86,5.07,2"
15:07:19.736,RX,".50,3.00,-1.87,-0.99"
15:07:19.737,RX,",-1.17,-1.00,-1.57,1"
15:07:19.739,RX,".91,50,85,41,e"
15:07:19.765,RX,"s,199,148,312,152,4."
15:07:19.766,RX,"03,-4.42,7.59,2.58,-"
15:07:19.766,RX,"2.07,3.56,-2.10,-0.6"
15:07:19.767,RX,"3,-0.80,3.73,0.02,3."
15:07:19.768,RX,"21,43,63,41,e"
15:07:19.795,RX,"s,195,138,312,164,4."
15:07:19.796,RX,"36,-7.44,5.08,-0.36,"
15:07:19.797,RX,"-3.65,8.10,-2.07,-0."
15:07:19.797,RX,"40,-0.43,3.11,-0.01,"
15:07:19.798,RX,"4.64,41,101,39,e"
15:07:19.856,RX,"s,194,136,313,176,3."
15:07:19.856,RX,"33,-1.88,6.05,0.69,-"
15:07:19.856,RX,"6.84,12.57,-0.05,-0."
15:07:19.857,RX,"10,-0.25,-0.73,-1.14"
15:07:19.859,RX,",5.05,38,73,40,e"
15:07:19.885,RX,"s,195,139,315,187,2."
15:07:19.886,RX,"28,0.68,9.66,4.42,0."
15:07:19.886,RX,"25,10.68,0.24,-0.33,"
15:07:19.887,RX,"0.14,1.00,-0.83,4.78"
15:07:19.889,RX,",37,49,38,e"
15:07:19.915,RX,"s,196,140,314,195,-0"
15:07:19.916,RX,".20,-0.86,9.85,0.18,"
15:07:19.917,RX,"-5.22,12.16,0.35,-0."
15:07:19.917,RX,"22,0.28,0.21,-0.72,3"
15:07:19.919,RX,".56,34,42,41,e"
15:07:19.975,RX,"s,196,146,317,200,-0"
15:07:19.976,RX,".53,0.86,10.30,2.31,"
15:07:19.976,RX,"-0.59,10.87,1.06,-0."
15:07:19.977,RX,"02,0.16,-1.57,-1.19,"
15:07:19.978,RX,"2.39,34,155,40,e"
15:07:19.978,RX,"s,195,151,320,202,-1"
15:07:19.980,RX,".78,3.25,11.33,0.66,"
15:07:20.005,RX,"-1.24,10.35,0.83,-0."
15:07:20.006,RX,"02,0.07,-0.77,-0.81,"
15:07:20.007,RX,"0.91,34,113,43,e"
15:07:20.035,RX,"s,195,153,322,202,-0"
15:07:20.035,RX,".74,2.59,10.29,2.93,"
15:07:20.036,RX,"0.55,9.41,-0.12,-0.2"
15:07:20.037,RX,"8,0.01,-0.35,-0.13,-"
15:07:20.038,RX,"0.55,35,77,38,e"
15:07:20.096,RX,"s,195,149,319,200,0."
15:07:20.096,RX,"15,-0.35,7.90,1.99,2"
15:07:20.096,RX,".90,9.27,-1.13,0.05,"
15:07:20.097,RX,"0.25,1.56,1.00,-1.42"
15:07:20.098,RX,",48,51,39,e"
15:07:20.126,RX,"s,196,138,310,198,2."
15:07:20.126,RX,"29,-2.83,7.52,4.02,-"
15:07:20.127,RX,"2.33,6.38,-2.23,0.01"
15:07:20.127,RX,",0.89,3.95,2.45,-1.0"
15:07:20.128,RX,"8,87,63,42,e"
15:07:20.155,RX,"s,195,127,301,197,5."
15:07:20.156,RX,"49,-3.97,12.83,-8.78"
15:07:20.157,RX,",-8.89,14.00,-1.92,0"
15:07:20.157,RX,".47,1.20,0.72,0.11,0"
15:07:20.159,RX,".04,108,52,39,e"
15:07:20.186,RX,"s,192,130,307,193,5."
15:07:20.186,RX,"68,0.64,9.14,5.90,3."
15:07:20.188,RX,"82,6.53,0.81,-0"
15:07:20.215,RX,".39,0.49,-1.91,-0.91"
15:07:20.216,RX,",-1.51,86,61,41,e"
15:07:20.217,RX,"s,192,131,3"
15:07:20.245,RX,"08,191,1.58,-3.40,7."
15:07:20.246,RX,"94,-3.03,-4.15,9.78,"
15:07:20.246,RX,"0.15,0.49,0.38,2.10,"
15:07:20.247,RX,"0.64,-0.30,88,46,40,"
15:07:20.249,RX,"e"
15:07:20.275,RX,"s,191,131,309,189,-0"
15:07:20.276,RX,".45,-1.23,8.75,-0.97"
15:07:20.276,RX,",-3.09,10.03,0.98,0."
15:07:20.277,RX,"24,0.57,-1.00,-0.28,"
15:07:20.278,RX,"-0.52,115,59,38,e"
15:07:20.335,RX,"s,192,135,313,187,0."
15:07:20.336,RX,"52,-0.10,10.37,0.84,"
15:07:20.336,RX,"0.02,9.44,0.29,-0.15"
15:07:20.337,RX,",0.45,0.41,0.19,-0.1"
15:07:20.338,RX,"1,93,50,43,e"
15:07:20.365,RX,"s,191,133,311,187,1."
15:07:20.366,RX,"24,-1.18,9.74,0.78,-"
15:07:20.366,RX,"3.61,9.48,-0.85,-0.1"
15:07:20.367,RX,"4,0.48,0.53,-0.00,-0"
15:07:20.369,RX,".08,108,41,41,e"
15:07:20.395,RX,"s,191,132,310,186,1."
15:07:20.396,RX,"75,-1.82,9.65,1.14,-"
15:07:20.396,RX,"1.13,9.65,-0.55,-0.2"
15:07:20.397,RX,"3,0.42,0.02,-0.17,0."
15:07:20.398,RX,"01,107,32,40,e"
15:07:20.455,RX,"s,190,132,311,186,1."
15:07:20.456,RX,"38,-1.31,8.82,0.25,-"
15:07:20.456,RX,"0.18,9.35,-0.13,0.02"
15:07:20.457,RX,",0.62,-0.06,-0.17,0."
15:07:20.458,RX,"11,78,36,40,e"
15:07:20.459,RX,"s,190,136,314,184,-0"
15:07:20.460,RX,".63"
15:07:20.485,RX,",0.26,10.12,-0.78,0."
15:07:20.486,RX,"51,9.77,0.49,0.15,0."
15:07:20.487,RX,"55,-0.37,-0.21,0.09,"
15:07:20.488,RX,"71,63,38,e"
15:07:20.575,RX,"s,190,140,318,183,-0"
15:07:20.576,RX,".91,0.79,9.26,-1.04,"
15:07:20.576,RX,"1.84,9.58,0.26,0.19,"
15:07:20.577,RX,"0.44,-0.21,0.00,-0.0"
15:07:20.578,RX,"4,65,55,40,e"
15:07:20.578,RX,"s,189,142,321,182,-0"
15:07:20.580,RX,".80,1.41,10.23,-0.15"
15:07:20.605,RX,",1.05,9.74,0.13,0.12"
15:07:20.606,RX,",0.36,-0.07,0.04,-0."
15:07:20.606,RX,"17,58,56,43,e
s,189"
15:07:20.607,RX,",142,321,181,-0.42,2"
15:07:20.608,RX,".53,9.66,0.19,2.62,9"
15:07:20.609,RX,".28,-0.51,0.03,0.52,"
15:07:20.635,RX,"0.39,0.18,-0.29,52,7"
15:07:20.636,RX,"8,42,e"
15:07:20.665,RX,"s,189,139,318,179,-1"
15:07:20.666,RX,".91,0.33,9.55,-2.74,"
15:07:20.666,RX,"1.58,10.13,-1.26,-0."
15:07:20.667,RX,"19,0.39,0.73,0.34,-0"
15:07:20.668,RX,".52,53,86,41,e"
15:07:20.695,RX,"s,189,137,316,177,-2"
15:07:20.696,RX,".37,-0.06,9.54,-0.86"
15:07:20.696,RX,",1.18,9.52,-0.97,-0."
15:07:20.697,RX,"30,-0.14,0.32,0.48,-"
15:07:20.698,RX,"0.77,68,77,39,e"
15:07:20.726,RX,"s,190,135,313,177,2."
15:07:20.726,RX,"73,-3.60,9.74,1.58,-"
15:07:20.727,RX,"3.91,9.70,-0.76,-0.2"
15:07:20.727,RX,"0,-0.43,0.88,0.55,-0"
15:07:20.728,RX,".62,88,58,40,e"
15:07:20.785,RX,"s,190,134,313,177,2."
15:07:20.786,RX,"76,-3.10,9.54,1.64,-"
15:07:20.787,RX,"3.32,9.23,0.40,0.07,"
15:07:20.787,RX,"0.07,0.14,0.30,-0.40"
15:07:20.788,RX,",64,39,42,e"
15:07:20.816,RX,"s,190,136,315,175,-0"
15:07:20.816,RX,".46,1.38,10.06,0.06,"
15:07:20.817,RX,"1.35,9.70,0.16,0.22,"
15:07:20.817,RX,"0.31,0.28,0.26,-0.32"
15:07:20.818,RX,",51,40,43,e"
15:07:20.845,RX,"s,190,133,312,174,-3"
15:07:20.846,RX,".14,2.79,9.69,-1.88,"
15:07:20.847,RX,"2.17,9.76,-1.35,0.01"
15:07:20.847,RX,",0.39,0.70,0.44,-0.5"
15:07:20.849,RX,"3,46,30,39,e"
15:07:20.905,RX,"s,189,128,307,173,-3"
15:07:20.906,RX,".41,1.17,9.21,-1.64,"
15:07:20.906,RX,"1.56,10.12,-2.32,-0."
15:07:20.907,RX,"31,0.28,0.84,0.71,-0"
15:07:20.908,RX,".83,39,32,38,e"
15:07:20.935,RX,"s,189,121,299,171,-2"
15:07:20.936,RX,".38,-0.81,10.09,-1.1"
15:07:20.936,RX,"7,-0.68,10.26,-2.88,"
15:07:20.937,RX,"-0.61,0.17,1.08,0.99"
15:07:20.938,RX,",-0.90,37,30,39,e"
15:07:20.965,RX,"s,189,111,289,169,-1"
15:07:20.966,RX,".85,-4.21,10.10,-3.9"
15:07:20.966,RX,"6,8.15,9.53,-2.72,-0"
15:07:20.967,RX,".55,0.22,1.98,1.67,-"
15:07:20.969,RX,"0.71,34,24,40,e"
15:07:21.026,RX,"s,190,91,269,170,-3."
15:07:21.026,RX,"52,-1.30,10.14,-5.03"
15:07:21.027,RX,",-0.72,9.25,-2.95,-0"
15:07:21.027,RX,".59,0.17,7.08,3.60,0"
15:07:21.029,RX,".33,33,20,44,e"
15:07:21.055,RX,"s,191,69,247,170,-2."
15:07:21.056,RX,"05,-2.21,10.02,-1.15"
15:07:21.057,RX,",-5.75,10.29,-4.21,-"
15:07:21.057,RX,"0.83,0.46,5.38,3.01,"
15:07:21.059,RX,"0.23,33,18,42,e"
15:07:21.085,RX,"s,191,48,225,171,-0."
15:07:21.086,RX,"22,-3.50,9.73,-0.29,"
15:07:21.087,RX,"-2.76,9.33,-5.09,-1."
15:07:21.087,RX,"33,0.65,4.08,2.64,0."
15:07:21.089,RX,"53,32,17,37,e"
15:07:21.146,RX,"s,191,29,204,171,2.5"
15:07:21.146,RX,"2,-1.59,9.32,-0.82,-"
15:07:21.146,RX,"0.52,8.97,-4.77,-1.1"
15:07:21.147,RX,"6,0.69,3.81,2.42,0.9"
15:07:21.149,RX,"1,31,16,38,e"
15:07:21.176,RX,"s,192,15,183,172,2.3"
15:07:21.176,RX,"8,-1.07,9.83,-0.78,-"
15:07:21.176,RX,"1.74,9.37,-4.19,-0.9"
15:07:21.177,RX,"0,0.77,4.86,2.81,1.4"
15:07:21.179,RX,"6,44,26,42,e"
15:07:21.205,RX,"s,193,24,161,173,4.5"
15:07:21.206,RX,"3,0.46,9.96,3.54,-2."
15:07:21.206,RX,"87,8.55,-4.08,-0.75,"
15:07:21.207,RX,"0.78,5.02,3.10,2.16,"
15:07:21.209,RX,"39,34,40,e"
15:07:21.235,RX,"s,195,42,142,176,-1."
15:07:21.237,RX,"40,1.04,8."
15:07:21.265,RX,"50,2.09,-2.58,8.93,-"
15:07:21.266,RX,"3.33,-0.18,1.05,4.43"
15:07:21.266,RX,",2.66,2.57,37,29,42,"
15:07:21.268,RX,"e"
15:07:21.295,RX,"s,195,58,125,177,-2."
15:07:21.295,RX,"32,-0.80,7.86,6.07,2"
15:07:21.296,RX,".28,8.32,-3.62,-0.31"
15:07:21.297,RX,",0.89,3.42,1.67,1.87"
15:07:21.298,RX,",46,24,39,e"
15:07:21.325,RX,"s,196,70,113,177,3.1"
15:07:21.326,RX,"9,-0.40,8.35,5.95,-0"
15:07:21.326,RX,".27,7.76,-2.49,-0.47"
15:07:21.327,RX,",0.47,1.67,0.61,0.64"
15:07:21.328,RX,",45,27,38,e"
15:07:21.385,RX,"s,195,75,108,176,4.6"
15:07:21.386,RX,"5,1.06,9.44,6.82,-0."
15:07:21.386,RX,"71,6.71,-0.78,0.05,0"
15:07:21.387,RX,".41,1.27,0.15,-0.20,"
15:07:21.388,RX,"49,22,41,e"
15:07:21.415,RX,"s,194,75,107,175,4.5"
15:07:21.415,RX,"3,-1.93,10.12,6.39,-"
15:07:21.416,RX,"3.19,12.32,0.00,0.00"
15:07:21.417,RX,",0.37,-0.57,-1.02,-0"
15:07:21.419,RX,".11,64,20,42,e"
15:07:21.445,RX,"s,193,70,112,174,-4."
15:07:21.446,RX,"77,-0.84,13.02,-7.77"
15:07:21.447,RX,",6.03,8.64,0.96,-0.2"
15:07:21.447,RX,"1,0.13,-1.22,-0.55,0"
15:07:21.449,RX,".08,59,19,39,e"
15:07:21.506,RX,"s,193,70,111,175,-0."
15:07:21.506,RX,"66,-2.16,8.54,3.32,-"
15:07:21.507,RX,"1.88,9.18,-0.76,-0.0"
15:07:21.507,RX,"0,0.34,1.39,-0.14,0."
15:07:21.508,RX,"18,67,20,39,e"
15:07:21.535,RX,"s,191,76,106,174,3.2"
15:07:21.536,RX,"1,-4.10,8.34,3.61,-2"
15:07:21.536,RX,".44,9.83,-2.67,-0.56"
15:07:21.537,RX,",0.40,0.56,-0.40,0.1"
15:07:21.538,RX,"8,58,19,39,e"
15:07:21.596,RX,"s,191,79,102,173,0.2"
15:07:21.597,RX,"0,-0.76,10.26,-1.98,"
15:07:21.597,RX,"-0.34,9.86,-0.24,-0."
15:07:21.626,RX,"55,0.35,0.06,-0.34,0"
15:07:21.626,RX,".08,49,28,40,e"
15:07:21.627,RX,"s,191,81,101,172,-1."
15:07:21.627,RX,"20,-1.95,9.22,0.96,-"
15:07:21.628,RX,"1.01,9.61,-0.58,-0.1"
15:07:21.629,RX,"2,0.27,0.78,-0.14,0."
15:07:21.630,RX,"06,43,52,43,e"
15:07:21.686,RX,"s,190,83,99,171,-0.3"
15:07:21.686,RX,"3,-3.32,8.72,0.05,-2"
15:07:21.687,RX,".52,9.67,-0.49,-0.18"
15:07:21.688,RX,",0.18,0.11,-0.25,-0."
15:07:21.688,RX,"25,54,67,41,e"
15:07:21.690,RX,"s,190,84,98,171,0."
15:07:21.715,RX,"08,-2.27,9.78,1.28,-"
15:07:21.716,RX,"0.44,9.55,-0.07,-0.3"
15:07:21.717,RX,"6,0.01,0.67,-0.07,-0"
15:07:21.717,RX,".22,67,53,38,e
s,19"
15:07:21.719,RX,"0,85,97"
15:07:21.746,RX,",170,0.36,-1.35,9.99"
15:07:21.746,RX,",2.14,0.26,9.62,-0.5"
15:07:21.747,RX,"1,-0.31,0.17,0.43,-0"
15:07:21.747,RX,".09,-0.22,54,58,38,e"
15:07:21.749,RX,""
15:07:21.775,RX,"s,190,87,95,169,0.30"
15:07:21.776,RX,",-1.85,9.73,1.21,-1."
15:07:21.776,RX,"28,9.87,-0.94,-0.23,"
15:07:21.777,RX,"0.28,0.33,-0.11,-0.2"
15:07:21.778,RX,"4,66,111,41,e"
15:07:21.805,RX,"s,190,88,94,168,1.69"
15:07:21.806,RX,",-0.98,9.51,2.30,0.3"
15:07:21.806,RX,"0,9.44,-1.01,-0.36,0"
15:07:21.807,RX,".25,0.26,0.02,-0.19,"
15:07:21.808,RX,"52,98,42,e"
15:07:21.866,RX,"s,190,91,92,167,-0.6"
15:07:21.866,RX,"1,-0.55,9.86,-0.42,0"
15:07:21.866,RX,".20,9.13,-0.49,-0.20"
15:07:21.867,RX,",0.27,0.28,0.03,-0.0"
15:07:21.868,RX,"8,71,70,41,e"
15:07:21.895,RX,"s,190,91,91,166,0.67"
15:07:21.896,RX,",-1.96,9.38,2.53,-0."
15:07:21.896,RX,"31,9.55,-0.69,-0.10,"
15:07:21.897,RX,"0.27,0.61,0.09,-0.04"
15:07:21.898,RX,",56,57,39,e"
15:07:21.955,RX,"s,190,94,89,166,0.56"
15:07:21.956,RX,",-1.77,9.87,0.88,-0."
15:07:21.956,RX,"44,9.88,-0.76,-0.10,"
15:07:21.957,RX,"0.25,0.28,0.05,-0.01"
15:07:21.958,RX,",65,87,37,e"
15:07:21.959,RX,"s,1"
15:07:21.985,RX,"89,96,87,165,0.31,-2"
15:07:21.986,RX,".19,9.14,2.11,-0.49,"
15:07:21.986,RX,"9.40,-1.14,-0.03,0.3"
15:07:21.987,RX,"9,0.63,0.24,0.05,54,"
15:07:21.989,RX,"62,43,e"
15:07:22.045,RX,"s,189,99,84,164,0.45"
15:07:22.046,RX,",-2.95,9.39,0.10,-2."
15:07:22.046,RX,"39,9.63,-1.38,-0.08,"
15:07:22.047,RX,"0.40,0.64,0.36,-0.02"
15:07:22.075,RX,",47,59,41,e"
15:07:22.076,RX,"s,190,104,80,163,0.4"
15:07:22.077,RX,"4,-3.26,9.28,1.32,-2"
15:07:22.105,RX,".45,10.04,-1.30,-0.1"
15:07:22.105,RX,"2,0.25,0.73,0.57,-0."
15:07:22.106,RX,"17,40,41,39,e
s,190"
15:07:22.107,RX,",106,78,162,-0.49,-4"
15:07:22.108,RX,".84,8.41,-0.38,-3.82"
15:07:22.110,RX,",9.97,-0.77,-0.20,-0"
15:07:22.135,RX,".14,0.27,0.70,-0.61,"
15:07:22.135,RX,"40,30,39,e
s,192,10"
15:07:22.136,RX,"9,75,160,-0.33,-3.05"
15:07:22.137,RX,",9.53,-0.27,-1.65,9."
15:07:22.138,RX,"99,-1.12,-0.42,-0.46"
15:07:22.165,RX,",0.71,0.86,-0.74,36,"
15:07:22.166,RX,"23,40,e
s,"
15:07:22.195,RX,"194,117,69,160,2.16,"
15:07:22.195,RX,"-0.93,10.91,-3.38,-5"
15:07:22.196,RX,".80,9.90,-1.75,-0.54"
15:07:22.197,RX,",-0.46,2.23,1.50,-0."
15:07:22.225,RX,"27,34,19,39,e"
15:07:22.226,RX,"s,196,132,55,161,1.1"
15:07:22.226,RX,"7,-2.42,10.30,5.14,-"
15:07:22.227,RX,"0.10,9.52,-2.40,-0.4"
15:07:22.228,RX,"2,-0.09,5.71,2.63,0."
15:07:22.229,RX,"76,33,20,43,e"
15:07:22.255,RX,"s,197,146,43,162,0.8"
15:07:22.256,RX,"6,-1.00,9.44,5.31,2."
15:07:22.256,RX,"37,9.64,-3.41,-0.46,"
15:07:22.257,RX,"0.29,3.60,1.76,0.84,"
15:07:22.259,RX,"32,41,41,e"
15:07:22.285,RX,"s,198,161,32,162,0.1"
15:07:22.286,RX,"2,0.98,9.56,1.81,2.3"
15:07:22.286,RX,"5,7.57,-3.54,-0.81,0"
15:07:22.288,RX,".41,1."
15:07:22.315,RX,"90,1.08,1.00,32,58,3"
15:07:22.316,RX,"7,e"
15:07:22.316,RX,"s,198,173,26,164,-1."
15:07:22.317,RX,"28,1.22,9.01,0.88,2."
15:07:22.319,RX,"49,8.50,-2.32,-0."
15:07:22.345,RX,"50,0.24,1.56,0.65,0."
15:07:22.347,RX,"94,33,39,39,e"
15:07:22.375,RX,"s,199,179,24,165,-0."
15:07:22.375,RX,"90,1.34,9.01,1.30,0."
15:07:22.376,RX,"72,8.82,-1.03,-0.24,"
15:07:22.377,RX,"0.11,1.75,0.58,0.90,"
15:07:22.378,RX,"36,29,43,e"
15:07:22.405,RX,"s,199,183,23,167,1.1"
15:07:22.406,RX,"1,0.64,8.84,4.16,4.1"
15:07:22.406,RX,"5,10.69,0.05,-0.10,0"
15:07:22.408,RX,".18,1.2"
15:07:22.435,RX,"8,0.38,0.87,34,88,40"
15:07:22.435,RX,",e"
15:07:22.436,RX,"s,200,181,23,168,-0."
15:07:22.437,RX,"70,-3.19,9.87,-1.07,"
15:07:22.437,RX,"2.33,9.83,0.82,-0.09"
15:07:22.439,RX,",0.11,-0.61,-0.44,0."
15:07:22.466,RX,"49,33,58,40,e"
15:07:22.495,RX,"s,199,178,23,168,-0."
15:07:22.496,RX,"59,-2.56,9.20,-0.51,"
15:07:22.496,RX,"0.92,9.80,0.18,-0.05"
15:07:22.497,RX,",0.13,-0.48,-0.58,-0"
15:07:22.498,RX,".52,34,41,41,e"
15:07:22.499,RX,""
15:07:22.555,RX,"s,199,179,23,166,-0."
15:07:22.556,RX,"28,0.32,9.52,0.04,-0"
15:07:22.556,RX,".79,9.83,-0.70,-0.28"
15:07:22.557,RX,",0.43,-0.21,-0.16,-0"
15:07:22.558,RX,".30,41,105,36,e"
15:07:22.558,RX,"s,198,179,24,165,-0."
15:07:22.560,RX,"04,-1.59,9.27,0.59,-"
